일시,AC_출력_1,AC_출력_2
2023-01-01 0:00,0,0
2023-01-01 1:00,0,0
2023-01-01 2:00,0,0
2023-01-01 3:00,0,0
2023-01-01 4:00,0,0
2023-01-01 5:00,0,0
2023-01-01 6:00,0,0
2023-01-01 7:00,3.5,3.496000004
2023-01-01 8:00,7.206666708,8.478333314
2023-01-01 9:00,17.88833332,21.5466667
2023-01-01 10:00,25.74000009,30.23583317
2023-01-01 11:00,27.59749985,33.29999987
2023-01-01 12:00,26.15583324,32.86999957
2023-01-01 13:00,23.48749987,29.33666658
2023-01-01 14:00,16.39000003,22.31416686
2023-01-01 15:00,8.056363583,12.36090925
2023-01-01 16:00,3.734166682,4.417499979
2023-01-01 17:00,3.462500036,3.410000086
2023-01-01 18:00,0,0
2023-01-01 19:00,0,0
2023-01-01 20:00,0,0
2023-01-01 21:00,0,0
2023-01-01 22:00,0,0
2023-01-01 23:00,0,0
2023-01-02 0:00,0,0
2023-01-02 1:00,0,0
2023-01-02 2:00,0,0
2023-01-02 3:00,0,0
2023-01-02 4:00,0,0
2023-01-02 5:00,0,0
2023-01-02 6:00,0,0
2023-01-02 7:00,3.624000072,3.768000031
2023-01-02 8:00,6.65888887,7.837499936
2023-01-02 9:00,19.84636359,23.56700001
2023-01-02 10:00,25.4666667,0
2023-01-02 11:00,29.25333341,35.34000015
2023-01-02 12:00,27.65666691,33.29333369
2023-01-02 13:00,24.44999997,30.42583338
2023-01-02 14:00,16.92000008,23.0916667
2023-01-02 15:00,8.13500003,12.99416677
2023-01-02 16:00,3.79181812,4.729090864
2023-01-02 17:00,3.495000005,3.485000014
2023-01-02 18:00,0,0
2023-01-02 19:00,0,0
2023-01-02 20:00,0,0
2023-01-02 21:00,0,0
2023-01-02 22:00,0,0
2023-01-02 23:00,0,0
2023-01-03 0:00,0,0
2023-01-03 1:00,0,0
2023-01-03 2:00,0,0
2023-01-03 3:00,0,0
2023-01-03 4:00,0,0
2023-01-03 5:00,0,0
2023-01-03 6:00,0,0
2023-01-03 7:00,3.846000099,4.089999994
2023-01-03 8:00,11.23500001,13.90916681
2023-01-03 9:00,21.48750019,26.19916693
2023-01-03 10:00,27.83666674,33.04750013
2023-01-03 11:00,29.52583329,35.63083363
2023-01-03 12:00,28.10999997,35.0649999
2023-01-03 13:00,25.28750006,31.38666709
2023-01-03 14:00,17.5941666,24.04000012
2023-01-03 15:00,8.530833284,13.51333332
2023-01-03 16:00,3.796666682,4.711666723
2023-01-03 17:00,3.533999968,3.495000005
2023-01-03 18:00,0,0
2023-01-03 19:00,0,0
2023-01-03 20:00,0,0
2023-01-03 21:00,0,0
2023-01-03 22:00,0,0
2023-01-03 23:00,0,0
2023-01-04 0:00,0,0
2023-01-04 1:00,0,0
2023-01-04 2:00,0,0
2023-01-04 3:00,0,0
2023-01-04 4:00,0,0
2023-01-04 5:00,0,0
2023-01-04 6:00,0,0
2023-01-04 7:00,3.714285714,4.014999986
2023-01-04 8:00,10.82500005,13.34666661
2023-01-04 9:00,20.91416661,25.46916676
2023-01-04 10:00,27.42416668,32.48750019
2023-01-04 11:00,29.8300001,35.52727231
2023-01-04 12:00,28.32166672,34.93416627
2023-01-04 13:00,25.03249979,31.04916652
2023-01-04 14:00,17.10249996,23.25666698
2023-01-04 15:00,8.340000033,13.18416667
2023-01-04 16:00,3.814999998,4.716666639
2023-01-04 17:00,3.575999928,3.521999979
2023-01-04 18:00,0,0
2023-01-04 19:00,0,0
2023-01-04 20:00,0,0
2023-01-04 21:00,0,0
2023-01-04 22:00,0,0
2023-01-04 23:00,0,0
2023-01-05 0:00,0,0
2023-01-05 1:00,0,0
2023-01-05 2:00,0,0
2023-01-05 3:00,0,0
2023-01-05 4:00,0,0
2023-01-05 5:00,0,0
2023-01-05 6:00,0,0
2023-01-05 7:00,3.515000045,3.530000011
2023-01-05 8:00,8.214166741,9.954166611
2023-01-05 9:00,18.37999988,22.33833345
2023-01-05 10:00,25.6183335,30.34666681
2023-01-05 11:00,27.89416663,33.41749954
2023-01-05 12:00,26.7874999,33.17916679
2023-01-05 13:00,23.14545475,28.71636391
2023-01-05 14:00,16.30272709,21.89818174
2023-01-05 15:00,8.08250006,12.25749989
2023-01-05 16:00,3.897499998,4.617500047
2023-01-05 17:00,3.476000023,3.432500064
2023-01-05 18:00,0,0
2023-01-05 19:00,0,0
2023-01-05 20:00,0,0
2023-01-05 21:00,0,0
2023-01-05 22:00,0,0
2023-01-05 23:00,0,0
2023-01-06 0:00,0,0
2023-01-06 1:00,0,0
2023-01-06 2:00,0,0
2023-01-06 3:00,0,0
2023-01-06 4:00,0,0
2023-01-06 5:00,0,0
2023-01-06 6:00,0,0
2023-01-06 7:00,3.49714286,3.475000024
2023-01-06 8:00,7.154166679,8.44750003
2023-01-06 9:00,18.25166663,22.15499989
2023-01-06 10:00,25.03916645,29.48333343
2023-01-06 11:00,27.11583376,32.50083272
2023-01-06 12:00,25.73249992,32.021667
2023-01-06 13:00,21.89749988,27.07999992
2023-01-06 14:00,14.08916656,17.70083316
2023-01-06 15:00,7.481666644,9.9174999
2023-01-06 16:00,4.224166691,5.056666692
2023-01-06 17:00,3.472857169,3.470000029
2023-01-06 18:00,0,0
2023-01-06 19:00,0,0
2023-01-06 20:00,0,0
2023-01-06 21:00,0,0
2023-01-06 22:00,0,0
2023-01-06 23:00,0,0
2023-01-07 0:00,0,0
2023-01-07 1:00,0,0
2023-01-07 2:00,0,0
2023-01-07 3:00,0,0
2023-01-07 4:00,0,0
2023-01-07 5:00,0,0
2023-01-07 6:00,0,0
2023-01-07 7:00,3.476666689,3.477500021
2023-01-07 8:00,4.600000024,4.885833343
2023-01-07 9:00,11.24999988,12.82166664
2023-01-07 10:00,19.77000014,22.62083324
2023-01-07 11:00,24.02499994,28.18749984
2023-01-07 12:00,23.20583344,28.39583333
2023-01-07 13:00,19.39249961,24.31916666
2023-01-07 14:00,15.0333333,19.75500011
2023-01-07 15:00,8.340833147,11.51999998
2023-01-07 16:00,4.170909058,4.746363618
2023-01-07 17:00,3.44750005,3.430000067
2023-01-07 18:00,0,0
2023-01-07 19:00,0,0
2023-01-07 20:00,0,0
2023-01-07 21:00,0,0
2023-01-07 22:00,0,0
2023-01-07 23:00,0,0
2023-01-08 0:00,0,0
2023-01-08 1:00,0,0
2023-01-08 2:00,0,0
2023-01-08 3:00,0,0
2023-01-08 4:00,0,0
2023-01-08 5:00,0,0
2023-01-08 6:00,0,0
2023-01-08 7:00,3.5,3.49142858
2023-01-08 8:00,5.097500026,5.578333318
2023-01-08 9:00,21.95166651,26.4391667
2023-01-08 10:00,26.06583341,30.73333375
2023-01-08 11:00,28.42249982,33.90166696
2023-01-08 12:00,26.64916674,33.0341665
2023-01-08 13:00,23.57636365,29.05636354
2023-01-08 14:00,16.45000005,21.76750008
2023-01-08 15:00,8.162499944,12.1808333
2023-01-08 16:00,3.995000025,4.656666676
2023-01-08 17:00,3.474000025,3.456666708
2023-01-08 18:00,0,0
2023-01-08 19:00,0,0
2023-01-08 20:00,0,0
2023-01-08 21:00,0,0
2023-01-08 22:00,0,0
2023-01-08 23:00,0,0
2023-01-09 0:00,0,0
2023-01-09 1:00,0,0
2023-01-09 2:00,0,0
2023-01-09 3:00,0,0
2023-01-09 4:00,0,0
2023-01-09 5:00,0,0
2023-01-09 6:00,0,0
2023-01-09 7:00,3.502499998,3.49666667
2023-01-09 8:00,4.199166656,4.75666674
2023-01-09 9:00,9.190833251,10.74750014
2023-01-09 10:00,17.43999998,19.92166686
2023-01-09 11:00,26.04416664,30.79916652
2023-01-09 12:00,20.4691666,25.01166654
2023-01-09 13:00,13.43272708,17.17181821
2023-01-09 14:00,6.550833384,7.181666732
2023-01-09 15:00,6.898333391,8.159166654
2023-01-09 16:00,3.56250002,3.584166706
2023-01-09 17:00,3.420000076,3.41600008
2023-01-09 18:00,0,0
2023-01-09 19:00,0,0
2023-01-09 20:00,0,0
2023-01-09 21:00,0,0
2023-01-09 22:00,0,0
2023-01-09 23:00,0,0
2023-01-10 0:00,0,0
2023-01-10 1:00,0,0
2023-01-10 2:00,0,0
2023-01-10 3:00,0,0
2023-01-10 4:00,0,0
2023-01-10 5:00,0,0
2023-01-10 6:00,0,0
2023-01-10 7:00,3.514999986,3.486666679
2023-01-10 8:00,8.840000014,10.62083328
2023-01-10 9:00,19.72333312,23.94666672
2023-01-10 10:00,26.15749979,30.87833341
2023-01-10 11:00,28.67583323,33.94833279
2023-01-10 12:00,27.74000009,34.34999943
2023-01-10 13:00,24.83333349,30.81166633
2023-01-10 14:00,17.94500009,23.67250013
2023-01-10 15:00,9.155833284,13.67750001
2023-01-10 16:00,3.828333338,4.93083336
2023-01-10 17:00,3.432857207,3.416666706
2023-01-10 18:00,0,0
2023-01-10 19:00,0,0
2023-01-10 20:00,0,0
2023-01-10 21:00,0,0
2023-01-10 22:00,0,0
2023-01-10 23:00,0,0
2023-01-11 0:00,0,0
2023-01-11 1:00,0,0
2023-01-11 2:00,0,0
2023-01-11 3:00,0,0
2023-01-11 4:00,0,0
2023-01-11 5:00,0,0
2023-01-11 6:00,0,0
2023-01-11 7:00,3.686000013,3.860000014
2023-01-11 8:00,10.41416681,12.66999996
2023-01-11 9:00,20.0436365,24.23727261
2023-01-11 10:00,26.30499999,31.13499991
2023-01-11 11:00,28.59333309,34.00999991
2023-01-11 12:00,27.11250019,33.29166698
2023-01-11 13:00,24.21750005,29.77583313
2023-01-11 14:00,17.48750011,22.83500004
2023-01-11 15:00,8.9441667,13.05000011
2023-01-11 16:00,3.937272744,4.879090873
2023-01-11 17:00,3.438333392,3.412857192
2023-01-11 18:00,0,0
2023-01-11 19:00,0,0
2023-01-11 20:00,0,0
2023-01-11 21:00,0,0
2023-01-11 22:00,0,0
2023-01-11 23:00,0,0
2023-01-12 0:00,0,0
2023-01-12 1:00,0,0
2023-01-12 2:00,0,0
2023-01-12 3:00,0,0
2023-01-12 4:00,0,0
2023-01-12 5:00,0,0
2023-01-12 6:00,0,0
2023-01-12 7:00,3.598000002,3.582857132
2023-01-12 8:00,8.410000165,10.03833326
2023-01-12 9:00,17.75666674,21.31333319
2023-01-12 10:00,23.96166643,27.95666663
2023-01-12 11:00,26.6533335,31.5225002
2023-01-12 12:00,24.91454541,30.67363635
2023-01-12 13:00,22.48250008,27.58666674
2023-01-12 14:00,16.49333318,21.32000017
2023-01-12 15:00,8.767500122,12.45833325
2023-01-12 16:00,4.00666664,4.87500004
2023-01-12 17:00,3.477500021,3.491428614
2023-01-12 18:00,0,0
2023-01-12 19:00,0,0
2023-01-12 20:00,0,0
2023-01-12 21:00,0,0
2023-01-12 22:00,0,0
2023-01-12 23:00,0,0
2023-01-13 0:00,0,0
2023-01-13 1:00,0,0
2023-01-13 2:00,0,0
2023-01-13 3:00,0,0
2023-01-13 4:00,0,0
2023-01-13 5:00,0,0
2023-01-13 6:00,0,0
2023-01-13 7:00,3.516666651,3.514999986
2023-01-13 8:00,3.49454546,3.467500031
2023-01-13 9:00,3.430000067,3.425833364
2023-01-13 10:00,3.883333345,3.942500015
2023-01-13 11:00,5.876666665,6.109999994
2023-01-13 12:00,7.917499979,8.369166772
2023-01-13 13:00,7.857500156,8.316666722
2023-01-13 14:00,4.639166673,4.759166618
2023-01-13 15:00,3.517500043,3.530000051
2023-01-13 16:00,3.472222249,3.474444469
2023-01-13 17:00,3.450000048,3.410000086
2023-01-13 18:00,0,0
2023-01-13 19:00,0,0
2023-01-13 20:00,0,0
2023-01-13 21:00,0,0
2023-01-13 22:00,0,0
2023-01-13 23:00,0,0
2023-01-14 0:00,0,0
2023-01-14 1:00,0,0
2023-01-14 2:00,0,0
2023-01-14 3:00,0,0
2023-01-14 4:00,0,0
2023-01-14 5:00,0,0
2023-01-14 6:00,0,0
2023-01-14 7:00,3.526666641,3.50999999
2023-01-14 8:00,3.531666636,3.534999967
2023-01-14 9:00,3.517999983,3.497500002
2023-01-14 10:00,3.483000016,3.471818209
2023-01-14 11:00,3.471666694,3.472500026
2023-01-14 12:00,3.502499998,3.511666675
2023-01-14 13:00,3.55583332,3.529999971
2023-01-14 14:00,3.5558333,3.574166616
2023-01-14 15:00,3.490833342,3.49000001
2023-01-14 16:00,3.474000025,3.474000025
2023-01-14 17:00,0,0
2023-01-14 18:00,0,0
2023-01-14 19:00,0,0
2023-01-14 20:00,0,0
2023-01-14 21:00,0,0
2023-01-14 22:00,0,0
2023-01-14 23:00,0,0
2023-01-15 0:00,0,0
2023-01-15 1:00,0,0
2023-01-15 2:00,0,0
2023-01-15 3:00,0,0
2023-01-15 4:00,0,0
2023-01-15 5:00,0,0
2023-01-15 6:00,0,0
2023-01-15 7:00,3.529999971,3.514999986
2023-01-15 8:00,3.513333321,3.504999995
2023-01-15 9:00,3.509166658,3.50666666
2023-01-15 10:00,3.504999995,3.50666666
2023-01-15 11:00,3.498333335,3.50666666
2023-01-15 12:00,3.497500002,3.525833309
2023-01-15 13:00,3.501666665,3.495000005
2023-01-15 14:00,3.556666672,3.718333344
2023-01-15 15:00,3.521666646,3.599166691
2023-01-15 16:00,3.460833371,3.464166701
2023-01-15 17:00,3.484285729,3.450000048
2023-01-15 18:00,0,0
2023-01-15 19:00,0,0
2023-01-15 20:00,0,0
2023-01-15 21:00,0,0
2023-01-15 22:00,0,0
2023-01-15 23:00,0,0
2023-01-16 0:00,0,0
2023-01-16 1:00,0,0
2023-01-16 2:00,0,0
2023-01-16 3:00,0,0
2023-01-16 4:00,0,0
2023-01-16 5:00,0,0
2023-01-16 6:00,0,0
2023-01-16 7:00,3.473333359,3.472500026
2023-01-16 8:00,6.044999997,6.862500111
2023-01-16 9:00,16.31583333,20.63000035
2023-01-16 10:00,16.82833346,20.04666694
2023-01-16 11:00,25.79499992,30.38750013
2023-01-16 12:00,17.80833324,20.53750006
2023-01-16 13:00,18.36090912,20.85909063
2023-01-16 14:00,21.52583329,27.96416696
2023-01-16 15:00,11.08000001,16.07545454
2023-01-16 16:00,4.190909104,5.563636303
2023-01-16 17:00,3.481428589,3.465714318
2023-01-16 18:00,0,0
2023-01-16 19:00,0,0
2023-01-16 20:00,0,0
2023-01-16 21:00,0,0
2023-01-16 22:00,0,0
2023-01-16 23:00,0,0
2023-01-17 0:00,0,0
2023-01-17 1:00,0,0
2023-01-17 2:00,0,0
2023-01-17 3:00,0,0
2023-01-17 4:00,0,0
2023-01-17 5:00,0,0
2023-01-17 6:00,0,0
2023-01-17 7:00,3.501999998,3.49000001
2023-01-17 8:00,3.902500014,3.978333354
2023-01-17 9:00,6.176666737,6.676666657
2023-01-17 10:00,5.93416671,6.36499997
2023-01-17 11:00,7.375833432,7.96333317
2023-01-17 12:00,9.791666667,10.76750004
2023-01-17 13:00,11.71181817,13.04818179
2023-01-17 14:00,9.149166743,10.18416667
2023-01-17 15:00,5.913333337,6.839166681
2023-01-17 16:00,5.205000003,6.538333277
2023-01-17 17:00,3.482500017,3.474285739
2023-01-17 18:00,0,0
2023-01-17 19:00,0,0
2023-01-17 20:00,0,0
2023-01-17 21:00,0,0
2023-01-17 22:00,0,0
2023-01-17 23:00,0,0
2023-01-18 0:00,0,0
2023-01-18 1:00,0,0
2023-01-18 2:00,0,0
2023-01-18 3:00,0,0
2023-01-18 4:00,0,0
2023-01-18 5:00,0,0
2023-01-18 6:00,0,0
2023-01-18 7:00,3.484000015,3.485714299
2023-01-18 8:00,7.740000029,8.943333427
2023-01-18 9:00,13.38636364,15.66181833
2023-01-18 10:00,24.98083329,29.34500027
2023-01-18 11:00,31.13833332,36.3733333
2023-01-18 12:00,29.65166664,36.03999996
2023-01-18 13:00,27.02000014,32.49166695
2023-01-18 14:00,20.29583335,25.5666666
2023-01-18 15:00,10.76666665,15.17
2023-01-18 16:00,4.328333378,5.644999981
2023-01-18 17:00,3.470000029,3.480000019
2023-01-18 18:00,0,0
2023-01-18 19:00,0,0
2023-01-18 20:00,0,0
2023-01-18 21:00,0,0
2023-01-18 22:00,0,0
2023-01-18 23:00,0,0
2023-01-19 0:00,0,0
2023-01-19 1:00,0,0
2023-01-19 2:00,0,0
2023-01-19 3:00,0,0
2023-01-19 4:00,0,0
2023-01-19 5:00,0,0
2023-01-19 6:00,0,0
2023-01-19 7:00,3.478571483,3.515714339
2023-01-19 8:00,10.46272742,12.80181828
2023-01-19 9:00,24.18749984,28.875
2023-01-19 10:00,27.51333316,32.03166676
2023-01-19 11:00,25.2816666,29.64416663
2023-01-19 12:00,18.4445454,21.47818219
2023-01-19 13:00,26.42499987,32.5866669
2023-01-19 14:00,20.0874997,25.47666677
2023-01-19 15:00,11.0824999,15.42583354
2023-01-19 16:00,4.459166646,5.505000015
2023-01-19 17:00,3.456666708,3.440000057
2023-01-19 18:00,0,0
2023-01-19 19:00,0,0
2023-01-19 20:00,0,0
2023-01-19 21:00,0,0
2023-01-19 22:00,0,0
2023-01-19 23:00,0,0
2023-01-20 0:00,0,0
2023-01-20 1:00,0,0
2023-01-20 2:00,0,0
2023-01-20 3:00,0,0
2023-01-20 4:00,0,0
2023-01-20 5:00,0,0
2023-01-20 6:00,0,0
2023-01-20 7:00,3.49428572,3.491250008
2023-01-20 8:00,9.044166664,10.69833338
2023-01-20 9:00,21.10416683,25.18166653
2023-01-20 10:00,28.78636343,33.49272711
2023-01-20 11:00,33.34833336,38.48583349
2023-01-20 12:00,32.71916628,39.49249999
2023-01-20 13:00,29.91333342,36.02916686
2023-01-20 14:00,22.54583311,28.39249976
2023-01-20 15:00,12.02833335,17.48999993
2023-01-20 16:00,4.180000007,6.077499946
2023-01-20 17:00,3.427500069,3.408571482
2023-01-20 18:00,0,0
2023-01-20 19:00,0,0
2023-01-20 20:00,0,0
2023-01-20 21:00,0,0
2023-01-20 22:00,0,0
2023-01-20 23:00,0,0
2023-01-21 0:00,0,0
2023-01-21 1:00,0,0
2023-01-21 2:00,0,0
2023-01-21 3:00,0,0
2023-01-21 4:00,0,0
2023-01-21 5:00,0,0
2023-01-21 6:00,0,0
2023-01-21 7:00,4.224000025,4.379999995
2023-01-21 8:00,13.03166672,15.99499997
2023-01-21 9:00,23.71583335,28.60749976
2023-01-21 10:00,30.27583345,35.55166626
2023-01-21 11:00,33.11454565,38.42818208
2023-01-21 12:00,31.93083286,38.33916632
2023-01-21 13:00,29.17166662,34.62000004
2023-01-21 14:00,21.84833336,27.1875
2023-01-21 15:00,11.77250008,16.6758333
2023-01-21 16:00,4.310833335,6.014166673
2023-01-21 17:00,3.50777777,3.491250008
2023-01-21 18:00,0,0
2023-01-21 19:00,0,0
2023-01-21 20:00,0,0
2023-01-21 21:00,0,0
2023-01-21 22:00,0,0
2023-01-21 23:00,0,0
2023-01-22 0:00,0,0
2023-01-22 1:00,0,0
2023-01-22 2:00,0,0
2023-01-22 3:00,0,0
2023-01-22 4:00,0,0
2023-01-22 5:00,0,0
2023-01-22 6:00,0,0
2023-01-22 7:00,3.492500007,3.460000038
2023-01-22 8:00,3.754166683,3.806666692
2023-01-22 9:00,7.05583334,7.524999976
2023-01-22 10:00,8.324999968,8.909166694
2023-01-22 11:00,17.17750001,18.99750002
2023-01-22 12:00,16.15083345,18.46833332
2023-01-22 13:00,10.78083332,11.68749992
2023-01-22 14:00,7.733333309,8.260833383
2023-01-22 15:00,7.085833232,7.678333282
2023-01-22 16:00,4.479166647,4.737499952
2023-01-22 17:00,3.473750025,3.477500021
2023-01-22 18:00,0,0
2023-01-22 19:00,0,0
2023-01-22 20:00,0,0
2023-01-22 21:00,0,0
2023-01-22 22:00,0,0
2023-01-22 23:00,0,0
2023-01-23 0:00,0,0
2023-01-23 1:00,0,0
2023-01-23 2:00,0,0
2023-01-23 3:00,0,0
2023-01-23 4:00,0,0
2023-01-23 5:00,0,0
2023-01-23 6:00,0,0
2023-01-23 7:00,3.491250038,3.495714324
2023-01-23 8:00,8.364166717,9.957500219
2023-01-23 9:00,19.71666638,23.48750003
2023-01-23 10:00,26.38416672,30.85083342
2023-01-23 11:00,29.74333334,34.36333275
2023-01-23 12:00,27.98333327,33.77083397
2023-01-23 13:00,24.66416653,29.35250004
2023-01-23 14:00,15.35166689,18.96916672
2023-01-23 15:00,10.73749987,13.65000002
2023-01-23 16:00,4.972499986,5.678333362
2023-01-23 17:00,3.520000011,3.522500008
2023-01-23 18:00,0,0
2023-01-23 19:00,0,0
2023-01-23 20:00,0,0
2023-01-23 21:00,0,0
2023-01-23 22:00,0,0
2023-01-23 23:00,0,0
2023-01-24 0:00,0,0
2023-01-24 1:00,0,0
2023-01-24 2:00,0,0
2023-01-24 3:00,0,0
2023-01-24 4:00,0,0
2023-01-24 5:00,0,0
2023-01-24 6:00,0,0
2023-01-24 7:00,3.692857095,3.817142895
2023-01-24 8:00,12.15833346,14.82916669
2023-01-24 9:00,23.81583325,28.72916667
2023-01-24 10:00,31.40500005,36.89666653
2023-01-24 11:00,35.02749952,40.36666679
2023-01-24 12:00,33.50833352,40.67833328
2023-01-24 13:00,31.09499995,37.21750005
2023-01-24 14:00,23.67416652,29.49916697
2023-01-24 15:00,13.29666662,18.35750016
2023-01-24 16:00,4.476666689,6.539999922
2023-01-24 17:00,3.461250037,3.472000027
2023-01-24 18:00,0,0
2023-01-24 19:00,0,0
2023-01-24 20:00,0,0
2023-01-24 21:00,0,0
2023-01-24 22:00,0,0
2023-01-24 23:00,0,0
2023-01-25 0:00,0,0
2023-01-25 1:00,0,0
2023-01-25 2:00,0,0
2023-01-25 3:00,0,0
2023-01-25 4:00,0,0
2023-01-25 5:00,0,0
2023-01-25 6:00,0,0
2023-01-25 7:00,4.015000015,4.288999987
2023-01-25 8:00,13.52749999,16.75333333
2023-01-25 9:00,24.70249987,30.00666698
2023-01-25 10:00,31.29333353,36.96833293
2023-01-25 11:00,34.3566672,39.9375
2023-01-25 12:00,32.40000041,39.15583356
2023-01-25 13:00,29.86250003,35.51166662
2023-01-25 14:00,23.44250043,29.07500029
2023-01-25 15:00,13.41166643,18.37916692
2023-01-25 16:00,4.716666698,6.691666683
2023-01-25 17:00,3.612222221,3.587777774
2023-01-25 18:00,0,0
2023-01-25 19:00,0,0
2023-01-25 20:00,0,0
2023-01-25 21:00,0,0
2023-01-25 22:00,0,0
2023-01-25 23:00,0,0
2023-01-26 0:00,0,0
2023-01-26 1:00,0,0
2023-01-26 2:00,0,0
2023-01-26 3:00,0,0
2023-01-26 4:00,0,0
2023-01-26 5:00,0,0
2023-01-26 6:00,0,0
2023-01-26 7:00,3.446666718,3.435000062
2023-01-26 8:00,5.015833378,5.494166752
2023-01-26 9:00,17.25818183,19.32666667
2023-01-26 10:00,25.4739994,26.16416677
2023-01-26 11:00,25.10166677,28.62583335
2023-01-26 12:00,14.00166678,15.50916656
2023-01-26 13:00,9.473333359,10.29833321
2023-01-26 14:00,6.6875,7.236666719
2023-01-26 15:00,4.989166697,5.25333329
2023-01-26 16:00,3.69083331,3.701666594
2023-01-26 17:00,3.536666632,3.508333325
2023-01-26 18:00,0,0
2023-01-26 19:00,0,0
2023-01-26 20:00,0,0
2023-01-26 21:00,0,0
2023-01-26 22:00,0,0
2023-01-26 23:00,0,0
2023-01-27 0:00,0,0
2023-01-27 1:00,0,0
2023-01-27 2:00,0,0
2023-01-27 3:00,0,0
2023-01-27 4:00,0,0
2023-01-27 5:00,0,0
2023-01-27 6:00,0,0
2023-01-27 7:00,3.915000002,4.254999995
2023-01-27 8:00,12.62833329,15.46416672
2023-01-27 9:00,24.09750017,28.89416663
2023-01-27 10:00,31.4081818,36.49363674
2023-01-27 11:00,34.21833356,39.31750011
2023-01-27 12:00,32.96750005,39.5024999
2023-01-27 13:00,30.27499994,35.98083305
2023-01-27 14:00,22.81166649,28.24833314
2023-01-27 15:00,13.17833328,17.45333322
2023-01-27 16:00,4.845454519,6.755454605
2023-01-27 17:00,3.468181849,3.476666715
2023-01-27 18:00,0,0
2023-01-27 19:00,0,0
2023-01-27 20:00,0,0
2023-01-27 21:00,0,0
2023-01-27 22:00,0,0
2023-01-27 23:00,0,0
2023-01-28 0:00,0,0
2023-01-28 1:00,0,0
2023-01-28 2:00,0,0
2023-01-28 3:00,0,0
2023-01-28 4:00,0,0
2023-01-28 5:00,0,0
2023-01-28 6:00,0,0
2023-01-28 7:00,3.814444436,4.366666754
2023-01-28 8:00,12.74749986,15.64583317
2023-01-28 9:00,24.11083333,28.88916683
2023-01-28 10:00,31.31249984,36.30416679
2023-01-28 11:00,35.04833349,39.7408336
2023-01-28 12:00,32.97000011,39.10666688
2023-01-28 13:00,30.19916662,35.53333346
2023-01-28 14:00,23.25749985,28.50916704
2023-01-28 15:00,13.4483333,17.68000015
2023-01-28 16:00,4.794999997,6.642500003
2023-01-28 17:00,3.488000011,3.492222256
2023-01-28 18:00,3.49000001,0
2023-01-28 19:00,0,0
2023-01-28 20:00,0,0
2023-01-28 21:00,0,0
2023-01-28 22:00,0,0
2023-01-28 23:00,0,0
2023-01-29 0:00,0,0
2023-01-29 1:00,0,0
2023-01-29 2:00,0,0
2023-01-29 3:00,0,0
2023-01-29 4:00,0,0
2023-01-29 5:00,0,0
2023-01-29 6:00,0,0
2023-01-29 7:00,3.984285763,4.266250044
2023-01-29 8:00,12.90416654,15.80833316
2023-01-29 9:00,23.58416669,28.27916638
2023-01-29 10:00,30.54666694,35.72333336
2023-01-29 11:00,33.88083331,39.25000032
2023-01-29 12:00,25.1566666,29.54083347
2023-01-29 13:00,12.82333338,14.32416662
2023-01-29 14:00,20.81666652,25.70833365
2023-01-29 15:00,11.73666672,14.47666677
2023-01-29 16:00,4.057499965,4.480833352
2023-01-29 17:00,3.441818237,3.444444497
2023-01-29 18:00,0,0
2023-01-29 19:00,0,0
2023-01-29 20:00,0,0
2023-01-29 21:00,0,0
2023-01-29 22:00,0,0
2023-01-29 23:00,0,0
2023-01-30 0:00,0,0
2023-01-30 1:00,0,0
2023-01-30 2:00,0,0
2023-01-30 3:00,0,0
2023-01-30 4:00,0,0
2023-01-30 5:00,0,0
2023-01-30 6:00,0,0
2023-01-30 7:00,3.702857154,3.755000043
2023-01-30 8:00,12.18750004,14.92499979
2023-01-30 9:00,24.30272744,28.93636409
2023-01-30 10:00,30.96083323,35.93416723
2023-01-30 11:00,34.28000005,39.16833369
2023-01-30 12:00,32.56333367,38.63166714
2023-01-30 13:00,30.26636332,35.33818124
2023-01-30 14:00,23.12833341,28.2458334
2023-01-30 15:00,13.80749973,17.91833361
2023-01-30 16:00,4.801666737,6.775000036
2023-01-30 17:00,3.50545454,3.503000045
2023-01-30 18:00,0,0
2023-01-30 19:00,0,0
2023-01-30 20:00,0,0
2023-01-30 21:00,0,0
2023-01-30 22:00,0,0
2023-01-30 23:00,0,0
2023-01-31 0:00,0,0
2023-01-31 1:00,0,0
2023-01-31 2:00,0,0
2023-01-31 3:00,0,0
2023-01-31 4:00,0,0
2023-01-31 5:00,0,0
2023-01-31 6:00,0,0
2023-01-31 7:00,3.547500014,3.597499996
2023-01-31 8:00,10.41999996,12.68833331
2023-01-31 9:00,21.70916684,26.0308334
2023-01-31 10:00,29.08636371,33.98818189
2023-01-31 11:00,32.03750038,36.41499964
2023-01-31 12:00,30.27166637,35.92333349
2023-01-31 13:00,27.17916663,32.23833323
2023-01-31 14:00,20.49999984,25.15499989
2023-01-31 15:00,11.77416654,14.91750002
2023-01-31 16:00,5.252500017,6.755833228
2023-01-31 17:00,3.521111144,3.525454586
2023-01-31 18:00,3.50999999,0
2023-01-31 19:00,0,0
2023-01-31 20:00,0,0
2023-01-31 21:00,0,0
2023-01-31 22:00,0,0
2023-01-31 23:00,0,0
2023-02-01 0:00,0,0
2023-02-01 1:00,0,0
2023-02-01 2:00,0,0
2023-02-01 3:00,0,0
2023-02-01 4:00,0,0
2023-02-01 5:00,0,0
2023-02-01 6:00,0,0
2023-02-01 7:00,3.494285754,3.533333341
2023-02-01 8:00,9.014999986,10.6716667
2023-02-01 9:00,18.82363658,22.26000006
2023-02-01 10:00,25.7433335,29.50000016
2023-02-01 11:00,21.70666663,24.34499995
2023-02-01 12:00,25.21416684,30.29166675
2023-02-01 13:00,22.57166656,26.79499984
2023-02-01 14:00,22.26916663,27.24666675
2023-02-01 15:00,11.60749996,14.51416651
2023-02-01 16:00,5.563333313,6.704999963
2023-02-01 17:00,3.521111117,3.554444446
2023-02-01 18:00,0,0
2023-02-01 19:00,0,0
2023-02-01 20:00,0,0
2023-02-01 21:00,0,0
2023-02-01 22:00,0,0
2023-02-01 23:00,0,0
2023-02-02 0:00,0,0
2023-02-02 1:00,0,0
2023-02-02 2:00,0,0
2023-02-02 3:00,0,0
2023-02-02 4:00,0,0
2023-02-02 5:00,0,0
2023-02-02 6:00,0,0
2023-02-02 7:00,3.605000019,3.681428603
2023-02-02 8:00,5.966666659,6.720000029
2023-02-02 9:00,14.8866667,17.20666687
2023-02-02 10:00,25.20363617,29.13545452
2023-02-02 11:00,24.36250003,27.35999997
2023-02-02 12:00,24.4416666,28.17249982
2023-02-02 13:00,27.10916678,30.85583321
2023-02-02 14:00,19.78166668,23.35333331
2023-02-02 15:00,10.27749999,11.5291665
2023-02-02 16:00,5.147500018,5.615833322
2023-02-02 17:00,3.651111126,3.676999998
2023-02-02 18:00,0,3.420000076
2023-02-02 19:00,0,0
2023-02-02 20:00,0,0
2023-02-02 21:00,0,0
2023-02-02 22:00,0,0
2023-02-02 23:00,0,0
2023-02-03 0:00,0,0
2023-02-03 1:00,0,0
2023-02-03 2:00,0,0
2023-02-03 3:00,0,0
2023-02-03 4:00,0,0
2023-02-03 5:00,0,0
2023-02-03 6:00,0,0
2023-02-03 7:00,3.453333378,3.451428618
2023-02-03 8:00,6.459999998,6.908333321
2023-02-03 9:00,10.78833338,11.9658335
2023-02-03 10:00,20.57333358,23.35500002
2023-02-03 11:00,21.17499995,23.50750001
2023-02-03 12:00,20.30416695,22.53500001
2023-02-03 13:00,16.2249999,18.16333334
2023-02-03 14:00,11.42750001,12.58500012
2023-02-03 15:00,11.10083326,13.15333354
2023-02-03 16:00,7.005833228,8.925000032
2023-02-03 17:00,3.680999994,3.76500001
2023-02-03 18:00,0,0
2023-02-03 19:00,0,0
2023-02-03 20:00,0,0
2023-02-03 21:00,0,0
2023-02-03 22:00,0,0
2023-02-03 23:00,0,0
2023-02-04 0:00,0,0
2023-02-04 1:00,0,0
2023-02-04 2:00,0,0
2023-02-04 3:00,0,0
2023-02-04 4:00,0,0
2023-02-04 5:00,0,0
2023-02-04 6:00,0,0
2023-02-04 7:00,4.202500015,4.496666696
2023-02-04 8:00,13.3458333,16.33833337
2023-02-04 9:00,19.94000053,24.14999962
2023-02-04 10:00,0,0
2023-02-04 11:00,34.22999954,38.77999878
2023-02-04 12:00,33.13333257,38.60500018
2023-02-04 13:00,30.82249991,35.7483333
2023-02-04 14:00,23.25500027,27.75833321
2023-02-04 15:00,14.11083333,17.60833311
2023-02-04 16:00,4.644999981,6.899166663
2023-02-04 17:00,3.512000012,3.525454565
2023-02-04 18:00,3.445000052,3.430000067
2023-02-04 19:00,0,0
2023-02-04 20:00,0,0
2023-02-04 21:00,0,0
2023-02-04 22:00,0,0
2023-02-04 23:00,0,0
2023-02-05 0:00,0,0
2023-02-05 1:00,0,0
2023-02-05 2:00,0,0
2023-02-05 3:00,0,0
2023-02-05 4:00,0,0
2023-02-05 5:00,0,0
2023-02-05 6:00,0,0
2023-02-05 7:00,4.145999956,4.470000052
2023-02-05 8:00,13.83583343,16.93000007
2023-02-05 9:00,24.43583345,29.15583372
2023-02-05 10:00,30.6891667,35.84749953
2023-02-05 11:00,34.02333355,38.96750037
2023-02-05 12:00,32.92083359,38.57499981
2023-02-05 13:00,29.64749988,34.57250007
2023-02-05 14:00,22.89416647,27.4950002
2023-02-05 15:00,14.14749988,17.62666663
2023-02-05 16:00,5.495454571,7.296363614
2023-02-05 17:00,3.567499995,3.604999995
2023-02-05 18:00,0,0
2023-02-05 19:00,0,0
2023-02-05 20:00,0,0
2023-02-05 21:00,0,0
2023-02-05 22:00,0,0
2023-02-05 23:00,0,0
2023-02-06 0:00,0,0
2023-02-06 1:00,0,0
2023-02-06 2:00,0,0
2023-02-06 3:00,0,0
2023-02-06 4:00,0,0
2023-02-06 5:00,0,0
2023-02-06 6:00,0,0
2023-02-06 7:00,3.784444491,3.995000005
2023-02-06 8:00,10.77166673,13.02666652
2023-02-06 9:00,19.6316669,23.06833299
2023-02-06 10:00,27.48499997,31.88916715
2023-02-06 11:00,31.14333312,35.73583317
2023-02-06 12:00,29.20333338,34.17999999
2023-02-06 13:00,28.17416668,32.64083306
2023-02-06 14:00,21.12333298,25.26333316
2023-02-06 15:00,13.73416666,16.18250004
2023-02-06 16:00,5.317499995,5.670833429
2023-02-06 17:00,3.549090927,3.571000028
2023-02-06 18:00,0,0
2023-02-06 19:00,0,0
2023-02-06 20:00,0,0
2023-02-06 21:00,0,0
2023-02-06 22:00,0,0
2023-02-06 23:00,0,0
2023-02-07 0:00,0,0
2023-02-07 1:00,0,0
2023-02-07 2:00,0,0
2023-02-07 3:00,0,0
2023-02-07 4:00,0,0
2023-02-07 5:00,0,0
2023-02-07 6:00,0,0
2023-02-07 7:00,3.464285748,3.467142888
2023-02-07 8:00,4.009166678,4.094166716
2023-02-07 9:00,6.023333311,6.440000057
2023-02-07 10:00,9.301666737,9.984166622
2023-02-07 11:00,22.49583316,24.92500051
2023-02-07 12:00,20.30916683,22.73166688
2023-02-07 13:00,16.18416659,17.64166657
2023-02-07 14:00,10.90833338,11.90166672
2023-02-07 15:00,7.594999949,8.212499936
2023-02-07 16:00,5.097500006,5.366666635
2023-02-07 17:00,3.5627273,3.573000002
2023-02-07 18:00,0,0
2023-02-07 19:00,0,0
2023-02-07 20:00,0,0
2023-02-07 21:00,0,0
2023-02-07 22:00,0,0
2023-02-07 23:00,0,0
2023-02-08 0:00,0,0
2023-02-08 1:00,0,0
2023-02-08 2:00,0,0
2023-02-08 3:00,0,0
2023-02-08 4:00,0,0
2023-02-08 5:00,0,0
2023-02-08 6:00,0,0
2023-02-08 7:00,3.557777829,3.57900002
2023-02-08 8:00,9.200833241,10.85416675
2023-02-08 9:00,19.63909071,23.1027272
2023-02-08 10:00,28.14666669,32.14999978
2023-02-08 11:00,32.78749959,36.60916742
2023-02-08 12:00,31.94666688,36.76416683
2023-02-08 13:00,27.82583316,31.8241663
2023-02-08 14:00,15.48583341,18.4958334
2023-02-08 15:00,11.89583341,14.13416648
2023-02-08 16:00,5.509166698,6.411666592
2023-02-08 17:00,3.528181856,3.591000032
2023-02-08 18:00,0,0
2023-02-08 19:00,0,0
2023-02-08 20:00,0,0
2023-02-08 21:00,0,0
2023-02-08 22:00,0,0
2023-02-08 23:00,0,0
2023-02-09 0:00,0,0
2023-02-09 1:00,0,0
2023-02-09 2:00,0,0
2023-02-09 3:00,0,0
2023-02-09 4:00,0,0
2023-02-09 5:00,0,0
2023-02-09 6:00,0,0
2023-02-09 7:00,3.775000006,3.797272747
2023-02-09 8:00,11.40166652,13.67416656
2023-02-09 9:00,21.56083345,25.54666662
2023-02-09 10:00,20.60166661,24.2058332
2023-02-09 11:00,29.2766664,31.23416662
2023-02-09 12:00,18.31750003,20.09250005
2023-02-09 13:00,17.06500006,19.21083331
2023-02-09 14:00,12.78000009,14.64749988
2023-02-09 15:00,5.125,5.30250001
2023-02-09 16:00,3.840000033,3.891666691
2023-02-09 17:00,3.58000003,3.59777779
2023-02-09 18:00,0,0
2023-02-09 19:00,0,0
2023-02-09 20:00,0,0
2023-02-09 21:00,0,0
2023-02-09 22:00,0,0
2023-02-09 23:00,0,0
2023-02-10 0:00,0,0
2023-02-10 1:00,0,0
2023-02-10 2:00,0,0
2023-02-10 3:00,0,0
2023-02-10 4:00,0,0
2023-02-10 5:00,0,0
2023-02-10 6:00,0,0
2023-02-10 7:00,3.497500002,3.466000032
2023-02-10 8:00,3.458333373,3.462500056
2023-02-10 9:00,4.164999962,4.258333266
2023-02-10 10:00,9.627499978,10.38999999
2023-02-10 11:00,10.92583323,11.63250001
2023-02-10 12:00,6.534166654,6.889999946
2023-02-10 13:00,6.32250003,6.646666646
2023-02-10 14:00,5.839166641,6.130833308
2023-02-10 15:00,3.998333295,4.110833307
2023-02-10 16:00,4.019166688,4.158333361
2023-02-10 17:00,3.39181822,3.372000003
2023-02-10 18:00,3.470000029,3.440000057
2023-02-10 19:00,0,0
2023-02-10 20:00,0,0
2023-02-10 21:00,0,0
2023-02-10 22:00,0,0
2023-02-10 23:00,0,0
2023-02-11 0:00,0,0
2023-02-11 1:00,0,0
2023-02-11 2:00,0,0
2023-02-11 3:00,0,0
2023-02-11 4:00,0,0
2023-02-11 5:00,0,0
2023-02-11 6:00,0,0
2023-02-11 7:00,4.082000017,4.216000032
2023-02-11 8:00,9.095833222,10.31500002
2023-02-11 9:00,18.89666677,21.90749987
2023-02-11 10:00,23.04416688,26.29000012
2023-02-11 11:00,28.2536361,31.91363664
2023-02-11 12:00,30.66090948,35.69181806
2023-02-11 13:00,19.28666631,21.56750011
2023-02-11 14:00,16.38916683,18.4558332
2023-02-11 15:00,9.905833324,10.88499999
2023-02-11 16:00,5.729090951,6.058181849
2023-02-11 17:00,3.622999978,3.624999976
2023-02-11 18:00,3.50999999,0
2023-02-11 19:00,0,0
2023-02-11 20:00,0,0
2023-02-11 21:00,0,0
2023-02-11 22:00,0,0
2023-02-11 23:00,0,0
2023-02-12 0:00,0,0
2023-02-12 1:00,0,0
2023-02-12 2:00,0,0
2023-02-12 3:00,0,0
2023-02-12 4:00,0,0
2023-02-12 5:00,0,0
2023-02-12 6:00,0,0
2023-02-12 7:00,4.003636382,4.23499999
2023-02-12 8:00,6.724166711,7.271666606
2023-02-12 9:00,19.35166661,21.81333327
2023-02-12 10:00,15.96750005,17.48916674
2023-02-12 11:00,12.33083336,13.16416669
2023-02-12 12:00,16.37083324,17.98666676
2023-02-12 13:00,18.52583321,20.53499993
2023-02-12 14:00,11.80000003,12.82833338
2023-02-12 15:00,6.057499965,6.334166646
2023-02-12 16:00,4.001666685,4.06583335
2023-02-12 17:00,3.509000039,3.510000038
2023-02-12 18:00,3.5,0
2023-02-12 19:00,0,0
2023-02-12 20:00,0,0
2023-02-12 21:00,0,0
2023-02-12 22:00,0,0
2023-02-12 23:00,0,0
2023-02-13 0:00,0,0
2023-02-13 1:00,0,0
2023-02-13 2:00,0,0
2023-02-13 3:00,0,0
2023-02-13 4:00,0,0
2023-02-13 5:00,0,0
2023-02-13 6:00,0,0
2023-02-13 7:00,3.557999945,3.539999962
2023-02-13 8:00,3.474000025,3.485000014
2023-02-13 9:00,3.486000013,3.47900002
2023-02-13 10:00,3.509166658,3.501666665
2023-02-13 11:00,3.516666671,3.5
2023-02-13 12:00,3.489166677,3.473333339
2023-02-13 13:00,3.49666667,3.486666679
2023-02-13 14:00,3.56583329,3.548333307
2023-02-13 15:00,3.569999957,3.546666622
2023-02-13 16:00,3.53099997,3.503999996
2023-02-13 17:00,3.455000043,0
2023-02-13 18:00,0,0
2023-02-13 19:00,0,0
2023-02-13 20:00,0,0
2023-02-13 21:00,0,0
2023-02-13 22:00,0,0
2023-02-13 23:00,0,0
2023-02-14 0:00,0,0
2023-02-14 1:00,0,0
2023-02-14 2:00,0,0
2023-02-14 3:00,0,0
2023-02-14 4:00,0,0
2023-02-14 5:00,0,0
2023-02-14 6:00,0,0
2023-02-14 7:00,3.430000067,3.401428631
2023-02-14 8:00,3.442727327,3.468333364
2023-02-14 9:00,6.215833306,7.497500042
2023-02-14 10:00,14.3500001,16.58583315
2023-02-14 11:00,7.076666594,8.014166633
2023-02-14 12:00,4.391818155,4.518181888
2023-02-14 13:00,4.120909084,4.478181817
2023-02-14 14:00,5.565833271,6.775833329
2023-02-14 15:00,4.404166639,4.664166709
2023-02-14 16:00,4.521666666,4.87833333
2023-02-14 17:00,3.586666637,3.57333329
2023-02-14 18:00,3.460000038,0
2023-02-14 19:00,0,0
2023-02-14 20:00,0,0
2023-02-14 21:00,0,0
2023-02-14 22:00,0,0
2023-02-14 23:00,0,0
2023-02-15 0:00,0,0
2023-02-15 1:00,0,0
2023-02-15 2:00,0,0
2023-02-15 3:00,0,0
2023-02-15 4:00,0,0
2023-02-15 5:00,0,0
2023-02-15 6:00,0,0
2023-02-15 7:00,3.512499988,3.480000019
2023-02-15 8:00,3.470000029,3.4375
2023-02-15 9:00,3.549999952,3.584999979
2023-02-15 10:00,3.629999971,3.604999959
2023-02-15 11:00,3.559999943,3.599999905
2023-02-15 12:00,3.569999973,3.55249995
2023-02-15 13:00,3.529999971,3.486000013
2023-02-15 14:00,3.536666632,3.554999948
2023-02-15 15:00,3.513636351,3.50636363
2023-02-15 16:00,3.525999975,3.50888888
2023-02-15 17:00,3.539999962,3.502499998
2023-02-15 18:00,0,0
2023-02-15 19:00,0,0
2023-02-15 20:00,0,0
2023-02-15 21:00,0,0
2023-02-15 22:00,0,0
2023-02-15 23:00,0,0
2023-02-16 0:00,0,0
2023-02-16 1:00,0,0
2023-02-16 2:00,0,0
2023-02-16 3:00,0,0
2023-02-16 4:00,0,0
2023-02-16 5:00,0,0
2023-02-16 6:00,0,0
2023-02-16 7:00,3.508333325,3.460000038
2023-02-16 8:00,3.523333311,3.513999987
2023-02-16 9:00,3.689166625,3.714999994
2023-02-16 10:00,8.495833357,10.06416667
2023-02-16 11:00,14.30333344,17.46916684
2023-02-16 12:00,7.850833297,8.936666727
2023-02-16 13:00,11.00750005,14.28000009
2023-02-16 14:00,11.4258333,14.89499998
2023-02-16 15:00,7.340833306,9.42416656
2023-02-16 16:00,3.830833356,4.505000035
2023-02-16 17:00,3.477777799,3.438888947
2023-02-16 18:00,3.460000038,3.445000052
2023-02-16 19:00,0,0
2023-02-16 20:00,0,0
2023-02-16 21:00,0,0
2023-02-16 22:00,0,0
2023-02-16 23:00,0,0
2023-02-17 0:00,0,0
2023-02-17 1:00,0,0
2023-02-17 2:00,0,0
2023-02-17 3:00,0,0
2023-02-17 4:00,0,0
2023-02-17 5:00,0,0
2023-02-17 6:00,0,0
2023-02-17 7:00,3.474000025,3.471250027
2023-02-17 8:00,3.959166686,4.24999996
2023-02-17 9:00,5.345833302,6.308333357
2023-02-17 10:00,7.55250001,9.655833364
2023-02-17 11:00,8.903333306,12.60166685
2023-02-17 12:00,15.68090898,22.5727272
2023-02-17 13:00,17.41666667,23.82583316
2023-02-17 14:00,15.14083346,21.07916673
2023-02-17 15:00,10.79416668,14.9775
2023-02-17 16:00,5.348333359,7.241666595
2023-02-17 17:00,3.517500003,3.62833337
2023-02-17 18:00,0,3.470000029
2023-02-17 19:00,0,0
2023-02-17 20:00,0,0
2023-02-17 21:00,0,0
2023-02-17 22:00,0,0
2023-02-17 23:00,0,0
2023-02-18 0:00,0,0
2023-02-18 1:00,0,0
2023-02-18 2:00,0,0
2023-02-18 3:00,0,0
2023-02-18 4:00,0,0
2023-02-18 5:00,0,0
2023-02-18 6:00,0,0
2023-02-18 7:00,3.465000033,3.481666684
2023-02-18 8:00,3.50272727,3.485000014
2023-02-18 9:00,3.548333347,3.5625
2023-02-18 10:00,3.908333341,3.958333353
2023-02-18 11:00,8.217500011,9.524166584
2023-02-18 12:00,10.2008334,10.88333329
2023-02-18 13:00,8.668333371,9.149999936
2023-02-18 14:00,7.392727245,7.804545489
2023-02-18 15:00,5.741666675,5.939166705
2023-02-18 17:00,3.465555588,3.454444488
2023-02-18 18:00,0,0
2023-02-18 19:00,0,0
2023-02-18 20:00,0,0
2023-02-18 21:00,0,0
2023-02-18 22:00,0,0
2023-02-18 23:00,0,0
2023-02-19 0:00,0,0
2023-02-19 1:00,0,0
2023-02-19 2:00,0,0
2023-02-19 3:00,0,0
2023-02-19 4:00,0,0
2023-02-19 5:00,0,0
2023-02-19 6:00,3.450000048,3.450000048
2023-02-19 7:00,4.326250046,4.416666667
2023-02-19 8:00,15.03416673,17.32249991
2023-02-19 9:00,26.46636339,30.20909119
2023-02-19 10:00,27.20333346,30.78250043
2023-02-19 11:00,34.72000027,39.04333305
2023-02-19 12:00,35.21666654,40.24333318
2023-02-19 13:00,33.00583378,37.54916668
2023-02-19 14:00,26.57499981,30.85083342
2023-02-19 15:00,15.94749975,18.35916662
2023-02-19 16:00,6.063333352,7.48666652
2023-02-19 17:00,3.675833325,3.774166644
2023-02-19 18:00,3.49000001,3.460000038
2023-02-19 19:00,0,0
2023-02-19 20:00,0,0
2023-02-19 21:00,0,0
2023-02-19 22:00,0,0
2023-02-19 23:00,0,0
2023-02-20 0:00,0,0
2023-02-20 1:00,0,0
2023-02-20 2:00,0,0
2023-02-20 3:00,0,0
2023-02-20 4:00,0,0
2023-02-20 5:00,0,0
2023-02-20 6:00,3.480000019,3.440000057
2023-02-20 7:00,4.881818143,5.656999993
2023-02-20 8:00,15.61166684,18.78000021
2023-02-20 9:00,27.49749978,31.9908336
2023-02-20 10:00,35.35416667,39.96166643
2023-02-20 11:00,39.31545466,43.71727232
2023-02-20 12:00,39.2341671,44.04416688
2023-02-20 13:00,35.84583346,40.52416674
2023-02-20 14:00,28.43000015,33.03916661
2023-02-20 15:00,19.05166666,21.80666701
2023-02-20 16:00,6.95083336,9.186666687
2023-02-20 17:00,3.754166722,3.901666701
2023-02-20 18:00,3.475000024,3.460000038
2023-02-20 19:00,0,0
2023-02-20 20:00,0,0
2023-02-20 21:00,0,0
2023-02-20 22:00,0,0
2023-02-20 23:00,0,0
2023-02-21 0:00,0,0
2023-02-21 1:00,0,0
2023-02-21 2:00,0,0
2023-02-21 3:00,0,0
2023-02-21 4:00,0,0
2023-02-21 5:00,0,0
2023-02-21 6:00,3.5,3.470000029
2023-02-21 7:00,5.219166656,6.132727363
2023-02-21 8:00,17.2141668,20.7675004
2023-02-21 9:00,28.26181828,32.72272717
2023-02-21 10:00,35.64083322,40.17083359
2023-02-21 11:00,39.99916649,44.11749999
2023-02-21 12:00,38.78250027,43.27416643
2023-02-21 13:00,33.33416637,37.08833353
2023-02-21 14:00,26.03909059,30.08454527
2023-02-21 15:00,18.08999983,21.07583316
2023-02-21 16:00,6.953333457,9.274166624
2023-02-21 17:00,3.601666689,3.708333353
2023-02-21 18:00,3.457500041,3.420000076
2023-02-21 19:00,0,0
2023-02-21 20:00,0,0
2023-02-21 21:00,0,0
2023-02-21 22:00,0,0
2023-02-21 23:00,0,0
2023-02-22 0:00,0,0
2023-02-22 1:00,0,0
2023-02-22 2:00,0,0
2023-02-22 3:00,0,0
2023-02-22 4:00,0,0
2023-02-22 5:00,0,0
2023-02-22 6:00,3.514999986,3.485000014
2023-02-22 7:00,5.842727336,6.741818168
2023-02-22 8:00,17.46833332,21.08666666
2023-02-22 9:00,27.86250003,32.51249981
2023-02-22 10:00,34.09083366,39.21583303
2023-02-22 11:00,36.18916702,40.18249989
2023-02-22 12:00,37.22416655,41.83750025
2023-02-22 13:00,33.86545407,38.24909071
2023-02-22 14:00,27.81249984,32.38166618
2023-02-22 15:00,17.94666648,20.42333341
2023-02-22 16:00,7.096666654,8.814166665
2023-02-22 17:00,4.104166647,4.30916663
2023-02-22 18:00,3.49000001,3.485000014
2023-02-22 19:00,0,0
2023-02-22 20:00,0,0
2023-02-22 21:00,0,0
2023-02-22 22:00,0,0
2023-02-22 23:00,0,0
2023-02-23 0:00,0,0
2023-02-23 1:00,0,0
2023-02-23 2:00,0,0
2023-02-23 3:00,0,0
2023-02-23 4:00,0,0
2023-02-23 5:00,0,0
2023-02-23 6:00,3.480000019,3.485000014
2023-02-23 7:00,4.876363646,5.25000002
2023-02-23 8:00,14.16500004,16.88833332
2023-02-23 9:00,24.6291666,28.69333363
2023-02-23 10:00,31.32416646,35.69666735
2023-02-23 11:00,35.28363661,39.11181814
2023-02-23 12:00,34.18083334,38.20166667
2023-02-23 13:00,31.58333333,35.38250033
2023-02-23 14:00,23.80416679,27.59583346
2023-02-23 15:00,16.32416646,18.40833346
2023-02-23 16:00,6.630000075,7.775000016
2023-02-23 17:00,4.039166669,4.201666653
2023-02-23 18:00,3.480000019,3.467500031
2023-02-23 19:00,0,0
2023-02-23 20:00,0,0
2023-02-23 21:00,0,0
2023-02-23 22:00,0,0
2023-02-23 23:00,0,0
2023-02-24 0:00,0,0
2023-02-24 1:00,0,0
2023-02-24 2:00,0,0
2023-02-24 3:00,0,0
2023-02-24 4:00,0,0
2023-02-24 5:00,0,0
2023-02-24 6:00,3.480000019,3.450000048
2023-02-24 7:00,3.586000013,3.606666697
2023-02-24 8:00,10.85833307,12.46166694
2023-02-24 9:00,17.75499988,20.15916681
2023-02-24 10:00,26.31166712,30.58583355
2023-02-24 11:00,36.18727251,40.2436357
2023-02-24 12:00,35.39583365,39.32333374
2023-02-24 13:00,30.80583286,34.5175
2023-02-24 14:00,11.79181827,13.34000002
2023-02-24 15:00,5.87499996,6.296666702
2023-02-24 16:00,4.212499956,4.32583334
2023-02-24 17:00,3.686363632,3.734000015
2023-02-24 18:00,3.488000011,3.445000052
2023-02-24 19:00,0,0
2023-02-24 20:00,0,0
2023-02-24 21:00,0,0
2023-02-24 22:00,0,0
2023-02-24 23:00,0,0
2023-02-25 0:00,0,0
2023-02-25 1:00,0,0
2023-02-25 2:00,0,0
2023-02-25 3:00,0,0
2023-02-25 4:00,0,0
2023-02-25 5:00,0,0
2023-02-25 6:00,0,0
2023-02-25 7:00,3.504999995,3.486666679
2023-02-25 8:00,3.501666665,3.49666667
2023-02-25 9:00,4.816363595,5.468181849
2023-02-25 10:00,10.89416655,13.1358335
2023-02-25 11:00,12.66416661,15.24416661
2023-02-25 12:00,8.098181811,9.039999919
2023-02-25 13:00,8.494999965,9.520833373
2023-02-25 14:00,13.00666662,14.79000008
2023-02-25 15:00,4.264166693,4.463333309
2023-02-25 16:00,3.459166706,3.440000057
2023-02-25 17:00,3.487272739,3.477500021
2023-02-25 18:00,3.445000052,3.440000057
2023-02-25 19:00,0,0
2023-02-25 20:00,0,0
2023-02-25 21:00,0,0
2023-02-25 22:00,0,0
2023-02-25 23:00,0,0
2023-02-26 0:00,0,0
2023-02-26 1:00,0,0
2023-02-26 2:00,0,0
2023-02-26 3:00,0,0
2023-02-26 4:00,0,0
2023-02-26 5:00,0,0
2023-02-26 6:00,3.460000038,3.470000029
2023-02-26 7:00,4.590909069,5.435454499
2023-02-26 8:00,10.18416663,13.37333322
2023-02-26 9:00,15.19583329,19.41166687
2023-02-26 10:00,18.84833336,22.95583328
2023-02-26 11:00,22.21333345,26.46499999
2023-02-26 12:00,30.14272742,35.40636375
2023-02-26 13:00,34.43090924,38.65999985
2023-02-26 14:00,27.94999981,32.21916676
2023-02-26 15:00,19.20916669,21.55249993
2023-02-26 16:00,6.56583333,8.86499993
2023-02-26 17:00,3.623333335,3.702500006
2023-02-26 18:00,3.5,3.460000038
2023-02-26 19:00,0,0
2023-02-26 20:00,0,0
2023-02-26 21:00,0,0
2023-02-26 22:00,0,0
2023-02-26 23:00,0,0
2023-02-27 0:00,0,0
2023-02-27 1:00,0,0
2023-02-27 2:00,0,0
2023-02-27 3:00,0,0
2023-02-27 4:00,0,0
2023-02-27 5:00,0,0
2023-02-27 6:00,3.480000019,3.482500017
2023-02-27 7:00,7.530909105,8.975454439
2023-02-27 8:00,19.47083346,23.30749989
2023-02-27 9:00,28.7183334,33.56750011
2023-02-27 10:00,34.72818201,39.5072722
2023-02-27 11:00,38.08666643,42.3658336
2023-02-27 12:00,37.31166649,41.97333399
2023-02-27 13:00,34.06083377,38.62583351
2023-02-27 14:00,27.66750034,31.85000006
2023-02-27 15:00,19.16583347,21.40333311
2023-02-27 16:00,6.693333268,8.880833308
2023-02-27 17:00,3.672499994,3.738333325
2023-02-27 18:00,3.496000004,3.470000029
2023-02-27 19:00,0,0
2023-02-27 20:00,0,0
2023-02-27 21:00,0,0
2023-02-27 22:00,0,0
2023-02-27 23:00,0,0
2023-02-28 0:00,0,0
2023-02-28 1:00,0,0
2023-02-28 2:00,0,0
2023-02-28 3:00,0,0
2023-02-28 4:00,0,0
2023-02-28 5:00,0,0
2023-02-28 6:00,3.502499998,3.470000029
2023-02-28 7:00,7.120833397,8.792727254
2023-02-28 8:00,19.64000003,23.30666669
2023-02-28 9:00,29.14636387,33.75090876
2023-02-28 10:00,35.93083382,41.11666679
2023-02-28 11:00,29.38833332,32.57250007
2023-02-28 12:00,22.92833328,25.46166674
2023-02-28 13:00,22.83749962,25.33083328
2023-02-28 14:00,15.50416676,16.9016668
2023-02-28 15:00,18.76583322,20.80666669
2023-02-28 16:00,11.11833334,13.71083327
2023-02-28 17:00,4.346666694,4.543333371
2023-02-28 18:00,3.514999986,3.486000013
2023-02-28 19:00,0,0
2023-02-28 20:00,0,0
2023-02-28 21:00,0,0
2023-02-28 22:00,0,0
2023-02-28 23:00,0,0
2023-03-01 0:00,0,0
2023-03-01 1:00,0,0
2023-03-01 2:00,0,0
2023-03-01 3:00,0,0
2023-03-01 4:00,0,0
2023-03-01 5:00,0,0
2023-03-01 6:00,3.460000038,3.430000067
2023-03-01 7:00,3.720000029,3.759090944
2023-03-01 8:00,7.338333368,7.81916666
2023-03-01 9:00,8.938333313,9.370833278
2023-03-01 10:00,8.725833257,9.118333181
2023-03-01 11:00,12.50249998,13.33416669
2023-03-01 12:00,14.33545451,15.58363646
2023-03-01 13:00,16.8427274,18.40636366
2023-03-01 14:00,7.155833324,7.439166665
2023-03-01 15:00,4.61272723,4.697272756
2023-03-01 16:00,6.607499997,7.029999971
2023-03-01 17:00,3.945833325,4.043333312
2023-03-01 18:00,3.476000023,3.453333378
2023-03-01 19:00,0,0
2023-03-01 20:00,0,0
2023-03-01 21:00,0,0
2023-03-01 22:00,0,0
2023-03-01 23:00,0,0
2023-03-02 0:00,0,0
2023-03-02 1:00,0,0
2023-03-02 2:00,0,0
2023-03-02 3:00,0,0
2023-03-02 4:00,0,0
2023-03-02 5:00,0,0
2023-03-02 6:00,3.460000038,3.465000033
2023-03-02 7:00,4.305000027,4.718181892
2023-03-02 8:00,17.75250006,20.92916656
2023-03-02 9:00,28.93916655,33.34416691
2023-03-02 10:00,36.03750038,40.6783336
2023-03-02 11:00,39.9216671,43.81333319
2023-03-02 12:00,39.02499994,43.14333312
2023-03-02 13:00,34.013333,37.91333294
2023-03-02 14:00,28.03083324,31.67000008
2023-03-02 15:00,19.05083315,21.26916631
2023-03-02 16:00,7.274166743,9.323333383
2023-03-02 17:00,3.798333327,3.979166647
2023-03-02 18:00,3.482000017,3.460000038
2023-03-02 19:00,0,0
2023-03-02 20:00,0,0
2023-03-02 21:00,0,0
2023-03-02 22:00,0,0
2023-03-02 23:00,0,0
2023-03-03 0:00,0,0
2023-03-03 1:00,0,0
2023-03-03 2:00,0,0
2023-03-03 3:00,0,0
2023-03-03 4:00,0,0
2023-03-03 5:00,0,0
2023-03-03 6:00,3.455000043,3.470000029
2023-03-03 7:00,6.320000033,7.31916664
2023-03-03 8:00,17.92499987,21.18416675
2023-03-03 9:00,27.47250017,31.84583362
2023-03-03 10:00,33.99666691,38.8308328
2023-03-03 11:00,36.55499999,40.97666709
2023-03-03 12:00,36.13454472,40.91636346
2023-03-03 13:00,32.57083321,36.91749922
2023-03-03 14:00,26.33416716,29.92083311
2023-03-03 15:00,18.20833349,20.14500006
2023-03-03 16:00,7.119166613,8.875000079
2023-03-03 17:00,3.82583334,3.954166631
2023-03-03 18:00,3.44800005,3.402000093
2023-03-03 19:00,0,0
2023-03-03 20:00,0,0
2023-03-03 21:00,0,0
2023-03-03 22:00,0,0
2023-03-03 23:00,0,0
2023-03-04 0:00,0,0
2023-03-04 1:00,0,0
2023-03-04 2:00,0,0
2023-03-04 3:00,0,0
2023-03-04 4:00,0,0
2023-03-04 5:00,0,0
2023-03-04 6:00,3.49000001,3.480000019
2023-03-04 7:00,5.589999954,6.223333339
2023-03-04 8:00,15.28333322,17.78916677
2023-03-04 9:00,23.99749978,27.41666619
2023-03-04 10:00,33.35583289,37.22500038
2023-03-04 11:00,37.45166651,41.15666644
2023-03-04 12:00,36.4800005,40.31333288
2023-03-04 13:00,29.11500041,32.38416688
2023-03-04 14:00,21.89250008,24.83249998
2023-03-04 15:00,16.13750001,17.67333345
2023-03-04 16:00,4.957499981,5.413333257
2023-03-04 17:00,3.841666679,3.942499955
2023-03-04 18:00,3.456000042,3.442000055
2023-03-04 19:00,0,0
2023-03-04 20:00,0,0
2023-03-04 21:00,0,0
2023-03-04 22:00,0,0
2023-03-04 23:00,0,0
2023-03-05 0:00,0,0
2023-03-05 1:00,0,0
2023-03-05 2:00,0,0
2023-03-05 3:00,0,0
2023-03-05 4:00,0,0
2023-03-05 5:00,0,0
2023-03-05 6:00,3.420000076,3.456000042
2023-03-05 7:00,5.451666653,6.150000056
2023-03-05 8:00,15.5891668,18.30083338
2023-03-05 9:00,25.01083326,28.64999994
2023-03-05 10:00,31.86583344,35.89249992
2023-03-05 11:00,35.97750028,39.92083327
2023-03-05 12:00,35.51499971,39.95833333
2023-03-05 13:00,32.52750031,36.71249994
2023-03-05 14:00,26.16999976,29.70416641
2023-03-05 15:00,17.54833333,19.42499995
2023-03-05 16:00,7.299166719,8.714166681
2023-03-05 17:00,3.899166683,4.038333376
2023-03-05 18:00,3.482000017,3.462000036
2023-03-05 19:00,0,0
2023-03-05 20:00,0,0
2023-03-05 21:00,0,0
2023-03-05 22:00,0,0
2023-03-05 23:00,0,0
2023-03-06 0:00,0,0
2023-03-06 1:00,0,0
2023-03-06 2:00,0,0
2023-03-06 3:00,0,0
2023-03-06 4:00,0,0
2023-03-06 5:00,0,0
2023-03-06 6:00,3.44750005,3.430000067
2023-03-06 7:00,6.6063636,7.619090904
2023-03-06 8:00,17.64666684,20.68416667
2023-03-06 9:00,27.63666662,31.87916692
2023-03-06 10:00,34.06363661,38.76545473
2023-03-06 11:00,37.10454525,41.68090924
2023-03-06 12:00,36.39083322,41.29083379
2023-03-06 13:00,33.18166637,37.73666668
2023-03-06 14:00,26.6591665,30.29750029
2023-03-06 15:00,17.86250019,19.81416663
2023-03-06 16:00,7.285833279,8.966666698
2023-03-06 17:00,3.818181818,3.954545476
2023-03-06 18:00,3.49000001,3.473333359
2023-03-06 19:00,0,0
2023-03-06 20:00,0,0
2023-03-06 21:00,0,0
2023-03-06 22:00,0,0
2023-03-06 23:00,0,0
2023-03-07 0:00,0,0
2023-03-07 1:00,0,0
2023-03-07 2:00,0,0
2023-03-07 3:00,0,0
2023-03-07 4:00,0,0
2023-03-07 5:00,0,0
2023-03-07 6:00,3.465000033,3.420000076
2023-03-07 7:00,4.395000001,4.616666675
2023-03-07 8:00,11.90916673,13.41083312
2023-03-07 9:00,21.16666667,23.84666634
2023-03-07 10:00,27.09416644,30.52750015
2023-03-07 11:00,32.3141667,35.70750014
2023-03-07 12:00,33.00833337,36.82833322
2023-03-07 13:00,30.16750034,33.78666639
2023-03-07 14:00,24.58666674,27.83666643
2023-03-07 15:00,16.09499995,17.89916666
2023-03-07 16:00,6.543333292,7.474999865
2023-03-07 17:00,3.844166676,3.966666679
2023-03-07 18:00,3.451666713,3.442000055
2023-03-07 19:00,0,0
2023-03-07 20:00,0,0
2023-03-07 21:00,0,0
2023-03-07 22:00,0,0
2023-03-07 23:00,0,0
2023-03-08 0:00,0,0
2023-03-08 1:00,0,0
2023-03-08 2:00,0,0
2023-03-08 3:00,0,0
2023-03-08 4:00,0,0
2023-03-08 5:00,0,0
2023-03-08 6:00,3.49333334,3.465000033
2023-03-08 7:00,6.027500014,6.754166762
2023-03-08 8:00,15.42833328,17.90333335
2023-03-08 9:00,26.14666669,29.92166646
2023-03-08 10:00,33.65416686,37.94999981
2023-03-08 11:00,24.82636356,27.02636355
2023-03-08 12:00,5.178333322,5.391666611
2023-03-08 13:00,5.192499975,5.582500021
2023-03-08 14:00,5.5,5.85818178
2023-03-08 15:00,11.99499989,12.96916644
2023-03-08 16:00,5.148333311,5.438333333
2023-03-08 17:00,3.471818209,3.462727308
2023-03-08 18:00,3.453333378,3.440000057
2023-03-08 19:00,0,0
2023-03-08 20:00,0,0
2023-03-08 21:00,0,0
2023-03-08 22:00,0,0
2023-03-08 23:00,0,0
2023-03-09 0:00,0,0
2023-03-09 1:00,0,0
2023-03-09 2:00,0,0
2023-03-09 3:00,0,0
2023-03-09 4:00,0,0
2023-03-09 5:00,0,0
2023-03-09 6:00,3.49333334,3.476666689
2023-03-09 7:00,3.460909128,3.448333383
2023-03-09 8:00,4.076666653,4.130833368
2023-03-09 9:00,5.434999983,5.549166679
2023-03-09 10:00,11.66166663,12.35249996
2023-03-09 11:00,18.51166693,19.88416664
2023-03-09 12:00,22.20416649,24.05000003
2023-03-09 13:00,28.98166656,32.76999966
2023-03-09 14:00,24.74249999,27.06545431
2023-03-09 15:00,15.15272721,16.5918182
2023-03-09 16:00,5.580833316,5.919166684
2023-03-09 17:00,3.799166679,3.853333314
2023-03-09 18:00,3.505999994,3.480000019
2023-03-09 19:00,0,0
2023-03-09 20:00,0,0
2023-03-09 21:00,0,0
2023-03-09 22:00,0,0
2023-03-09 23:00,0,0
2023-03-10 0:00,0,0
2023-03-10 1:00,0,0
2023-03-10 2:00,0,0
2023-03-10 3:00,0,0
2023-03-10 4:00,0,0
2023-03-10 5:00,0,0
2023-03-10 6:00,3.475000024,3.440000057
2023-03-10 7:00,3.998333335,4.05583336
2023-03-10 8:00,10.00416656,10.72583322
2023-03-10 9:00,25.7216665,29.4950002
2023-03-10 10:00,33.00333325,37.14416567
2023-03-10 11:00,36.42499987,40.47749964
2023-03-10 12:00,36.16916593,40.4133323
2023-03-10 13:00,32.24166616,36.26666641
2023-03-10 14:00,25.64833339,28.85833295
2023-03-10 15:00,16.94249988,18.81999977
2023-03-10 16:00,7.44416674,8.762499968
2023-03-10 17:00,4.01333336,4.165000041
2023-03-10 18:00,3.491666675,3.472000027
2023-03-10 19:00,0,0
2023-03-10 20:00,0,0
2023-03-10 21:00,0,0
2023-03-10 22:00,0,0
2023-03-10 23:00,0,0
2023-03-11 0:00,0,0
2023-03-11 1:00,0,0
2023-03-11 2:00,0,0
2023-03-11 3:00,0,0
2023-03-11 4:00,0,0
2023-03-11 5:00,0,0
2023-03-11 6:00,3.539999962,3.504999995
2023-03-11 7:00,3.538333317,3.541999984
2023-03-11 8:00,4.321666737,4.43416665
2023-03-11 9:00,11.0649999,11.46583347
2023-03-11 10:00,29.55583254,32.47333384
2023-03-11 11:00,30.57750058,33.73333335
2023-03-11 12:00,33.41125011,36.02916654
2023-03-11 13:00,28.55999978,31.77499994
2023-03-11 14:00,13.2675002,14.67666678
2023-03-11 15:00,5.542499979,5.779166738
2023-03-11 16:00,4.316666643,4.404166679
2023-03-11 17:00,3.561000013,3.551000023
2023-03-11 18:00,3.519999981,0
2023-03-11 19:00,0,0
2023-03-11 20:00,0,0
2023-03-11 21:00,0,0
2023-03-11 22:00,0,0
2023-03-11 23:00,0,0
2023-03-12 0:00,0,0
2023-03-12 1:00,0,0
2023-03-12 2:00,0,0
2023-03-12 3:00,0,0
2023-03-12 4:00,0,0
2023-03-12 5:00,0,0
2023-03-12 6:00,3.495000005,3.480000019
2023-03-12 7:00,3.487500012,3.484545469
2023-03-12 8:00,6.349166711,6.730833352
2023-03-12 9:00,15.99083328,17.63916651
2023-03-12 10:00,23.66833345,26.38499983
2023-03-12 11:00,19.0308334,20.44833326
2023-03-12 12:00,18.1433334,19.50749989
2023-03-12 13:00,5.00999999,5.175833285
2023-03-12 14:00,5.418333352,5.637499968
2023-03-12 15:00,5.489166697,5.619166672
2023-03-12 16:00,3.839166681,3.896666686
2023-03-12 17:00,3.524166683,3.525000016
2023-03-12 18:00,3.440000057,3.442500055
2023-03-12 19:00,0,0
2023-03-12 20:00,0,0
2023-03-12 21:00,0,0
2023-03-12 22:00,0,0
2023-03-12 23:00,0,0
2023-03-13 0:00,0,0
2023-03-13 1:00,0,0
2023-03-13 2:00,0,0
2023-03-13 3:00,0,0
2023-03-13 4:00,0,0
2023-03-13 5:00,0,0
2023-03-13 6:00,3.040000005,3.59000001
2023-03-13 7:00,9.81916666,11.96749997
2023-03-13 8:00,22.35416667,26.32666683
2023-03-13 9:00,31.94916662,36.65000025
2023-03-13 10:00,38.65583293,43.32166672
2023-03-13 11:00,41.31166649,45.67500019
2023-03-13 12:00,40.54416688,45.14249992
2023-03-13 13:00,36.3233331,40.01250045
2023-03-13 14:00,29.3549997,32.26916647
2023-03-13 15:00,15.14499974,16.74000001
2023-03-13 16:00,7.709999879,9.127499978
2023-03-13 17:00,3.80583334,3.87166663
2023-03-13 18:00,3.491666675,3.474000025
2023-03-13 19:00,0,0
2023-03-13 20:00,0,0
2023-03-13 21:00,0,0
2023-03-13 22:00,0,0
2023-03-13 23:00,0,0
2023-03-14 0:00,0,0
2023-03-14 1:00,0,0
2023-03-14 2:00,0,0
2023-03-14 3:00,0,0
2023-03-14 4:00,0,0
2023-03-14 5:00,0,0
2023-03-14 6:00,3.440000057,3.442000055
2023-03-14 7:00,3.971666714,4.017500003
2023-03-14 8:00,6.188333392,6.452500025
2023-03-14 9:00,8.293333411,8.7141668
2023-03-14 10:00,11.05333328,11.70083332
2023-03-14 11:00,11.67500003,12.34416652
2023-03-14 12:00,13.36999981,14.39166665
2023-03-14 13:00,16.89166665,18.45083324
2023-03-14 14:00,19.46727276,21.07818196
2023-03-14 15:00,13.77000022,15.12666663
2023-03-14 16:00,9.549999992,11.39083326
2023-03-14 17:00,3.956666648,4.159166714
2023-03-14 18:00,3.451666713,3.432857173
2023-03-14 19:00,0,0
2023-03-14 20:00,0,0
2023-03-14 21:00,0,0
2023-03-14 22:00,0,0
2023-03-14 23:00,0,0
2023-03-15 0:00,0,0
2023-03-15 1:00,0,0
2023-03-15 2:00,0,0
2023-03-15 3:00,0,0
2023-03-15 4:00,0,0
2023-03-15 5:00,0,0
2023-03-15 6:00,3.560000022,3.606666724
2023-03-15 7:00,10.50083335,12.7208333
2023-03-15 8:00,19.17999967,22.59083327
2023-03-15 9:00,5.759166678,6.23666664
2023-03-15 10:00,31.00249982,34.5091664
2023-03-15 11:00,40.09916655,44.91666698
2023-03-15 12:00,38.30249977,42.8708334
2023-03-15 13:00,33.5933334,37.64999994
2023-03-15 14:00,22.50750021,24.26166662
2023-03-15 15:00,13.67166662,14.22083338
2023-03-15 16:00,6.646666646,7.372500022
2023-03-15 17:00,3.88833334,4.01666671
2023-03-15 18:00,3.083333353,3.460000038
2023-03-15 19:00,0,0
2023-03-15 20:00,0,0
2023-03-15 21:00,0,0
2023-03-15 22:00,0,0
2023-03-15 23:00,0,0
2023-03-16 0:00,0,0
2023-03-16 1:00,0,0
2023-03-16 2:00,0,0
2023-03-16 3:00,0,0
2023-03-16 4:00,0,0
2023-03-16 5:00,0,0
2023-03-16 6:00,3.450000048,3.444285767
2023-03-16 7:00,4.655833364,4.845000009
2023-03-16 8:00,15.48583353,17.42500011
2023-03-16 9:00,19.26999982,21.2616663
2023-03-16 10:00,27.44500017,29.93083318
2023-03-16 11:00,36.89666669,40.2475001
2023-03-16 12:00,27.56833331,30.18916639
2023-03-16 13:00,28.52583313,31.48583301
2023-03-16 14:00,24.84499963,27.46583303
2023-03-16 15:00,14.5016667,16.23166664
2023-03-16 16:00,7.870833278,9.24666663
2023-03-16 17:00,4.108333309,4.308333337
2023-03-16 18:00,3.444285767,3.427142927
2023-03-16 19:00,0,0
2023-03-16 20:00,0,0
2023-03-16 21:00,0,0
2023-03-16 22:00,0,0
2023-03-16 23:00,0,0
2023-03-17 0:00,0,0
2023-03-17 1:00,0,0
2023-03-17 2:00,0,0
2023-03-17 3:00,0,0
2023-03-17 4:00,0,0
2023-03-17 5:00,0,0
2023-03-17 6:00,3.450000048,3.44800005
2023-03-17 7:00,6.129999916,6.754999995
2023-03-17 8:00,16.14249992,18.39249984
2023-03-17 9:00,20.44999997,22.91333373
2023-03-17 10:00,23.84909092,26.66636363
2023-03-17 11:00,33.53833342,36.75999991
2023-03-17 12:00,31.27166684,34.49249951
2023-03-17 13:00,25.63833348,28.34500027
2023-03-17 14:00,16.26083326,17.71583327
2023-03-17 15:00,11.1400001,12.00916672
2023-03-17 16:00,7.929166675,8.605833213
2023-03-17 17:00,3.850833376,3.890000006
2023-03-17 18:00,3.442857197,3.438000059
2023-03-17 19:00,0,0
2023-03-17 20:00,0,0
2023-03-17 21:00,0,0
2023-03-17 22:00,0,0
2023-03-17 23:00,0,0
2023-03-18 0:00,0,0
2023-03-18 1:00,0,0
2023-03-18 2:00,0,0
2023-03-18 3:00,0,0
2023-03-18 4:00,0,0
2023-03-18 5:00,0,0
2023-03-18 6:00,3.451428618,3.430000067
2023-03-18 7:00,5.430000007,5.955000003
2023-03-18 8:00,18.5625,21.40999977
2023-03-18 9:00,27.19416666,30.94090878
2023-03-18 10:00,34.60750008,38.3633337
2023-03-18 11:00,34.0281816,37.61363619
2023-03-18 12:00,37.08583323,40.62916629
2023-03-18 13:00,30.66363612,33.61454565
2023-03-18 14:00,25.52083302,27.78083372
2023-03-18 15:00,17.96583327,19.70166651
2023-03-18 16:00,7.573333343,8.828333259
2023-03-18 17:00,4.078333338,4.243333399
2023-03-18 18:00,3.483750015,3.465000033
2023-03-18 19:00,0,0
2023-03-18 20:00,0,0
2023-03-18 21:00,0,0
2023-03-18 22:00,0,0
2023-03-18 23:00,0,0
2023-03-19 0:00,0,0
2023-03-19 1:00,0,0
2023-03-19 2:00,0,0
2023-03-19 3:00,0,0
2023-03-19 4:00,0,0
2023-03-19 5:00,0,0
2023-03-19 6:00,3.575000048,3.435000022
2023-03-19 7:00,9.93416659,11.91833321
2023-03-19 8:00,21.64499998,25.33583323
2023-03-19 9:00,30.06333367,34.33333317
2023-03-19 10:00,35.92249997,39.81416639
2023-03-19 11:00,39.15416718,42.82416693
2023-03-19 12:00,38.5583334,42.25750033
2023-03-19 13:00,34.84250037,38.68416627
2023-03-19 14:00,28.63833348,31.4108332
2023-03-19 15:00,18.34333348,20.3275001
2023-03-19 16:00,7.666666627,9.019166549
2023-03-19 17:00,4.073333303,4.234166702
2023-03-19 18:00,3.50428571,3.49428572
2023-03-19 19:00,0,0
2023-03-19 20:00,0,0
2023-03-19 21:00,0,0
2023-03-19 22:00,0,0
2023-03-19 23:00,0,0
2023-03-20 0:00,0,0
2023-03-20 1:00,0,0
2023-03-20 2:00,0,0
2023-03-20 3:00,0,0
2023-03-20 4:00,0,0
2023-03-20 5:00,0,0
2023-03-20 6:00,3.463333368,3.463333368
2023-03-20 7:00,9.971666694,11.6141667
2023-03-20 8:00,17.38583326,19.53583336
2023-03-20 9:00,21.85416683,24.54916668
2023-03-20 10:00,29.48999993,32.43583353
2023-03-20 11:00,36.64416647,40.47000058
2023-03-20 12:00,38.56636429,42.2518184
2023-03-20 13:00,29.21916612,32.74249991
2023-03-20 14:00,20.80916683,23.0583334
2023-03-20 15:00,16.82666687,18.60499994
2023-03-20 16:00,8.25909103,9.646363605
2023-03-20 17:00,4.084166686,4.241666714
2023-03-20 18:00,3.480000019,3.460000038
2023-03-20 19:00,0,0
2023-03-20 20:00,0,0
2023-03-20 21:00,0,0
2023-03-20 22:00,0,0
2023-03-20 23:00,0,0
2023-03-21 0:00,0,0
2023-03-21 1:00,0,0
2023-03-21 2:00,0,0
2023-03-21 3:00,0,0
2023-03-21 4:00,0,0
2023-03-21 5:00,0,0
2023-03-21 6:00,3.518750012,3.540000002
2023-03-21 7:00,8.05249999,9.209999998
2023-03-21 8:00,18.39416631,21.20416673
2023-03-21 9:00,27.13636346,30.80090887
2023-03-21 10:00,33.69250027,37.70583312
2023-03-21 11:00,37.1916666,41.07583332
2023-03-21 12:00,36.74083328,40.61083349
2023-03-21 13:00,33.16000037,37.01636366
2023-03-21 14:00,26.82166672,29.57833306
2023-03-21 15:00,17.74416669,19.73499997
2023-03-21 16:00,7.888333281,9.130833427
2023-03-21 17:00,4.205833336,4.39500006
2023-03-21 18:00,3.462500036,3.464444478
2023-03-21 19:00,0,0
2023-03-21 20:00,0,0
2023-03-21 21:00,0,0
2023-03-21 22:00,0,0
2023-03-21 23:00,0,0
2023-03-22 0:00,0,0
2023-03-22 1:00,0,0
2023-03-22 2:00,0,0
2023-03-22 3:00,0,0
2023-03-22 4:00,0,0
2023-03-22 5:00,0,0
2023-03-22 6:00,3.630000012,3.735000014
2023-03-22 7:00,9.415000041,11.06999989
2023-03-22 8:00,20.06083361,23.27416658
2023-03-22 9:00,28.47916651,32.40499973
2023-03-22 10:00,34.08999968,38.11833318
2023-03-22 11:00,37.01416651,40.77583377
2023-03-22 12:00,36.27416706,39.90166664
2023-03-22 13:00,33.09000047,36.64499982
2023-03-22 14:00,26.94916693,29.49249983
2023-03-22 15:00,16.63666677,18.42583315
2023-03-22 16:00,8.10833327,9.175833186
2023-03-22 17:00,4.275833289,4.459166686
2023-03-22 18:00,3.49000001,3.487500012
2023-03-22 19:00,0,0
2023-03-22 20:00,0,0
2023-03-22 21:00,0,0
2023-03-22 22:00,0,0
2023-03-22 23:00,0,0
2023-03-23 0:00,0,0
2023-03-23 1:00,0,0
2023-03-23 2:00,0,0
2023-03-23 3:00,0,0
2023-03-23 4:00,0,0
2023-03-23 5:00,0,0
2023-03-23 6:00,3.49000001,3.49000001
2023-03-23 7:00,3.443000054,3.449090958
2023-03-23 8:00,3.533333341,3.536666691
2023-03-23 9:00,3.81583335,3.856666684
2023-03-23 10:00,4.633333365,4.745000064
2023-03-23 11:00,6.420833309,6.685833295
2023-03-23 12:00,8.064166625,8.498333375
2023-03-23 13:00,7.607500076,8.005833348
2023-03-23 14:00,5.074166616,5.257500013
2023-03-23 15:00,4.337500016,4.451666633
2023-03-23 16:00,3.795454589,3.860000025
2023-03-23 17:00,3.666666687,3.683333337
2023-03-23 18:00,3.488333344,3.49000001
2023-03-23 19:00,0,0
2023-03-23 20:00,0,0
2023-03-23 21:00,0,0
2023-03-23 22:00,0,0
2023-03-23 23:00,0,0
2023-03-24 0:00,0,0
2023-03-24 1:00,0,0
2023-03-24 2:00,0,0
2023-03-24 3:00,0,0
2023-03-24 4:00,0,0
2023-03-24 5:00,0,0
2023-03-24 6:00,3.533333302,3.5
2023-03-24 7:00,3.48900001,3.478181839
2023-03-24 8:00,3.964999994,4.031666676
2023-03-24 9:00,5.703333338,5.944999973
2023-03-24 10:00,7.8190908,8.256363479
2023-03-24 11:00,6.068333427,6.344999989
2023-03-24 12:00,5.946666678,6.230833252
2023-03-24 13:00,6.522499959,6.827500025
2023-03-24 14:00,5.200000048,5.383333365
2023-03-24 15:00,4.390000065,4.502500057
2023-03-24 16:00,3.564545458,3.599090923
2023-03-24 17:00,3.40600009,3.392000031
2023-03-24 18:00,3.465000033,3.504999995
2023-03-24 19:00,0,0
2023-03-24 20:00,0,0
2023-03-24 21:00,0,0
2023-03-24 22:00,0,0
2023-03-24 23:00,0,0
2023-03-25 0:00,0,0
2023-03-25 1:00,0,0
2023-03-25 2:00,0,0
2023-03-25 3:00,0,0
2023-03-25 4:00,0,0
2023-03-25 5:00,0,0
2023-03-25 6:00,3.514999986,3.527499974
2023-03-25 7:00,3.50999999,3.49909091
2023-03-25 8:00,3.600833297,3.604999959
2023-03-25 9:00,3.811666687,3.865833342
2023-03-25 10:00,3.905000071,3.966666698
2023-03-25 11:00,4.130000049,4.195454532
2023-03-25 12:00,4.911818071,5.055454558
2023-03-25 13:00,5.004166683,5.154166659
2023-03-25 14:00,5.941666643,6.159166614
2023-03-25 15:00,6.616666595,6.859166662
2023-03-25 16:00,5.262499948,5.421666662
2023-03-25 17:00,3.614166677,3.640000025
2023-03-25 18:00,3.468000031,3.452000046
2023-03-25 19:00,0,0
2023-03-25 20:00,0,0
2023-03-25 21:00,0,0
2023-03-25 22:00,0,0
2023-03-25 23:00,0,0
2023-03-26 0:00,0,0
2023-03-26 1:00,0,0
2023-03-26 2:00,0,0
2023-03-26 3:00,0,0
2023-03-26 4:00,0,0
2023-03-26 5:00,0,0
2023-03-26 6:00,3.529999971,3.521666646
2023-03-26 7:00,3.855833352,3.909166714
2023-03-26 8:00,4.934999983,5.110833367
2023-03-26 9:00,6.790833433,7.130000035
2023-03-26 10:00,6.712499976,7.050833305
2023-03-26 11:00,6.920833349,7.19750003
2023-03-26 12:00,9.522499959,10.08083344
2023-03-26 13:00,7.268333395,7.634166718
2023-03-26 14:00,6.103333354,6.321666678
2023-03-26 15:00,6.394999981,6.640000025
2023-03-26 16:00,4.971666694,5.101666649
2023-03-26 17:00,3.593333324,3.612500012
2023-03-26 18:00,3.488181829,3.450000048
2023-03-26 19:00,0,0
2023-03-26 20:00,0,0
2023-03-26 21:00,0,0
2023-03-26 22:00,0,0
2023-03-26 23:00,0,0
2023-03-27 0:00,0,0
2023-03-27 1:00,0,0
2023-03-27 2:00,0,0
2023-03-27 3:00,0,0
2023-03-27 4:00,0,0
2023-03-27 5:00,0,0
2023-03-27 6:00,3.747500032,3.86500001
2023-03-27 7:00,10.48916666,12.48583333
2023-03-27 8:00,15.3416665,17.14416647
2023-03-27 9:00,30.27666664,34.39416663
2023-03-27 10:00,36.29749934,40.59833368
2023-03-27 11:00,38.74916617,42.7900006
2023-03-27 12:00,37.41272701,41.65727269
2023-03-27 13:00,34.92666642,37.01083358
2023-03-27 14:00,22.53916669,22.12000004
2023-03-27 15:00,19.26636358,20.68181827
2023-03-27 16:00,7.757500013,8.824166775
2023-03-27 17:00,4.104166726,4.217500011
2023-03-27 18:00,3.519999981,3.521111091
2023-03-27 19:00,0,0
2023-03-27 20:00,0,0
2023-03-27 21:00,0,0
2023-03-27 22:00,0,0
2023-03-27 23:00,0,0
2023-03-28 0:00,0,0
2023-03-28 1:00,0,0
2023-03-28 2:00,0,0
2023-03-28 3:00,0,0
2023-03-28 4:00,0,0
2023-03-28 5:00,0,0
2023-03-28 6:00,3.79000001,4.003749996
2023-03-28 7:00,9.94750003,11.66333326
2023-03-28 8:00,20.3725001,23.78916661
2023-03-28 9:00,28.48166656,32.82499949
2023-03-28 10:00,34.53333346,39.12416744
2023-03-28 11:00,37.89545441,42.45545439
2023-03-28 12:00,37.82833354,42.06416639
2023-03-28 13:00,34.12083276,38.05999947
2023-03-28 14:00,27.9690909,30.54454561
2023-03-28 15:00,18.09666673,20.1316665
2023-03-28 16:00,8.022499959,8.997500022
2023-03-28 17:00,4.12833333,4.250833313
2023-03-28 18:00,3.477000022,3.455000043
2023-03-28 19:00,0,0
2023-03-28 20:00,0,0
2023-03-28 21:00,0,0
2023-03-28 22:00,0,0
2023-03-28 23:00,0,0
2023-03-29 0:00,0,0
2023-03-29 1:00,0,0
2023-03-29 2:00,0,0
2023-03-29 3:00,0,0
2023-03-29 4:00,0,0
2023-03-29 5:00,0,0
2023-03-29 6:00,3.608888891,3.611666699
2023-03-29 7:00,9.189166745,10.70083348
2023-03-29 8:00,20.10916662,23.46166643
2023-03-29 9:00,28.24166648,32.33166663
2023-03-29 10:00,34.36583296,38.58083312
2023-03-29 11:00,35.95250018,39.94333363
2023-03-29 12:00,36.98090917,40.23181811
2023-03-29 13:00,32.64750004,35.86916733
2023-03-29 14:00,26.49333334,28.88166666
2023-03-29 15:00,17.49833345,19.51249989
2023-03-29 16:00,7.933333317,8.883333325
2023-03-29 17:00,4.272499979,4.439166645
2023-03-29 18:00,3.537999964,3.513749987
2023-03-29 19:00,0,0
2023-03-29 20:00,0,0
2023-03-29 21:00,0,0
2023-03-29 22:00,0,0
2023-03-29 23:00,0,0
2023-03-30 0:00,0,0
2023-03-30 1:00,0,0
2023-03-30 2:00,0,0
2023-03-30 3:00,0,0
2023-03-30 4:00,0,0
2023-03-30 5:00,0,0
2023-03-30 6:00,3.886666669,4.022222175
2023-03-30 7:00,10.42636351,12.15090882
2023-03-30 8:00,21.64999994,25.27750015
2023-03-30 9:00,29.64666669,34.18750016
2023-03-30 10:00,34.93454604,39.20272723
2023-03-30 11:00,37.36416626,41.3324995
2023-03-30 12:00,37.22166634,40.83916728
2023-03-30 13:00,33.63083315,36.99999968
2023-03-30 14:00,28.19666672,30.60499986
2023-03-30 15:00,17.2008334,19.15000025
2023-03-30 16:00,7.945000052,9.149999897
2023-03-30 17:00,4.18416671,4.313333412
2023-03-30 18:00,3.497777806,3.507272742
2023-03-30 19:00,0,0
2023-03-30 20:00,0,0
2023-03-30 21:00,0,0
2023-03-30 22:00,0,0
2023-03-30 23:00,0,0
2023-03-31 0:00,0,0
2023-03-31 1:00,0,0
2023-03-31 2:00,0,0
2023-03-31 3:00,0,0
2023-03-31 4:00,0,0
2023-03-31 5:00,0,0
2023-03-31 6:00,3.913000011,4.025454608
2023-03-31 7:00,10.69666664,12.52666644
2023-03-31 8:00,20.17333349,23.28249979
2023-03-31 9:00,28.93416675,32.62000004
2023-03-31 10:00,34.78833262,38.6899999
2023-03-31 11:00,38.01272722,41.75090963
2023-03-31 12:00,37.63166714,41.03583304
2023-03-31 13:00,33.76083374,37.0466671
2023-03-31 14:00,27.38666677,29.50583331
2023-03-31 15:00,17.64333351,19.52166669
2023-03-31 16:00,7.915833314,8.749166648
2023-03-31 17:00,4.352499962,4.498333275
2023-03-31 18:00,3.476250023,3.483750015
2023-03-31 19:00,0,0
2023-03-31 20:00,0,0
2023-03-31 21:00,0,0
2023-03-31 22:00,0,0
2023-03-31 23:00,0,0
