일시,예측_발전량_1,예측_발전량_2
2023-01-01 0:00,0.195514282,0.172328574
2023-01-01 1:00,1.369916654,1.053698925
2023-01-01 2:00,3.953149584,4.515654777
2023-01-01 3:00,6.374429348,7.100881877
2023-01-01 4:00,1.078721211,1.670895964
2023-01-01 5:00,2.630474977,2.410361123
2023-01-01 6:00,0.51606667,0.455115907
2023-01-01 7:00,1.453454536,1.567873029
2023-01-01 8:00,1.619705292,1.091383328
2023-01-01 9:00,21.89381462,23.2810326
2023-01-01 10:00,23.45837238,30.06688866
2023-01-01 11:00,23.1420971,27.03008933
2023-01-01 12:00,18.74451886,25.52191284
2023-01-01 13:00,32.40552553,32.394213
2023-01-01 14:00,18.01667431,20.06568248
2023-01-01 15:00,11.90149477,11.67641592
2023-01-01 16:00,10.3663508,14.90240455
2023-01-01 17:00,6.635314295,6.318747078
2023-01-01 18:00,2.328157139,2.768867478
2023-01-01 19:00,1.665161356,2.591716648
2023-01-01 20:00,1.193130301,1.382837234
2023-01-01 21:00,3.52210459,3.47603455
2023-01-01 22:00,4.025016708,4.2157561
2023-01-01 23:00,0.859768168,1.417835831
2023-01-02 0:00,3.180783443,2.384949957
2023-01-02 1:00,1.785918197,1.446130363
2023-01-02 2:00,0.848541664,2.288816674
2023-01-02 3:00,0.556129171,0.08782619
2023-01-02 4:00,0.226783332,0.234039524
2023-01-02 5:00,1.092678783,1.522536117
2023-01-02 6:00,0.971177771,1.081293812
2023-01-02 7:00,0.945096645,1.645775012
2023-01-02 8:00,11.43661442,12.39749834
2023-01-02 9:00,19.47823027,21.13495605
2023-01-02 10:00,23.81769486,26.86377256
2023-01-02 11:00,24.64972725,27.39040527
2023-01-02 12:00,18.9242332,23.10999636
2023-01-02 13:00,14.61279618,12.2722417
2023-01-02 14:00,25.63200758,28.89912872
2023-01-02 15:00,30.1790659,30.2291963
2023-01-02 16:00,18.9994539,22.29726383
2023-01-02 17:00,10.72658574,11.01729709
2023-01-02 18:00,0.201788886,0.197186906
2023-01-02 19:00,0.035057143,0.035883334
2023-01-02 20:00,0.035057143,0.093258333
2023-01-02 21:00,0.436345449,0.221933334
2023-01-02 22:00,0.073107143,0
2023-01-02 23:00,0.408437496,0.411841671
2023-01-03 0:00,0.564437496,0.491960005
2023-01-03 1:00,0.1654,0.273063636
2023-01-03 2:00,1.096812438,1.173560607
2023-01-03 3:00,0.125299997,0.034400001
2023-01-03 4:00,0.92416249,0.604821667
2023-01-03 5:00,0.530494697,0.886200474
2023-01-03 6:00,0.534526187,0.567376192
2023-01-03 7:00,1.097849985,1.55397142
2023-01-03 8:00,7.479970866,7.282377892
2023-01-03 9:00,21.10852572,26.86706208
2023-01-03 10:00,19.95506662,28.17306288
2023-01-03 11:00,13.63797502,19.83869921
2023-01-03 12:00,24.49760735,28.78159667
2023-01-03 13:00,28.80086336,27.8878805
2023-01-03 14:00,25.07956703,27.56801526
2023-01-03 15:00,9.688245472,6.86034018
2023-01-03 16:00,11.7780985,10.92820531
2023-01-03 17:00,6.089460491,6.178836412
2023-01-03 18:00,3.368934289,1.90626475
2023-01-03 19:00,1.978750791,1.299834845
2023-01-03 20:00,1.051931842,0.816704542
2023-01-03 21:00,2.91923889,0.712086354
2023-01-03 22:00,0.250600004,0.07
2023-01-03 23:00,1.386300002,1.547213321
2023-01-04 0:00,1.090844706,0.163527271
2023-01-04 1:00,1.228308343,0.243800001
2023-01-04 2:00,1.272373378,1.410253614
2023-01-04 3:00,0.637731813,0.863140278
2023-01-04 4:00,1.040559084,1.374088256
2023-01-04 5:00,1.031559845,1.632409851
2023-01-04 6:00,6.49471896,6.98513887
2023-01-04 7:00,0.755516657,0.670059997
2023-01-04 8:00,6.955813111,7.672579574
2023-01-04 9:00,24.74985838,31.08551282
2023-01-04 10:00,21.73576425,26.08141883
2023-01-04 11:00,14.10425753,15.34329399
2023-01-04 12:00,11.75663942,11.11000528
2023-01-04 13:00,29.90589379,29.38748511
2023-01-04 14:00,22.75159709,21.30512049
2023-01-04 15:00,28.38030559,24.77708275
2023-01-04 16:00,24.40888566,27.53838031
2023-01-04 17:00,5.556574378,6.111674558
2023-01-04 18:00,14.62356675,14.98926952
2023-01-04 19:00,0.626599979,0.493908334
2023-01-04 20:00,0.724824988,0.721812502
2023-01-04 21:00,0.098399999,0.123208334
2023-01-04 22:00,0.75329999,0.567660009
2023-01-04 23:00,0,0.0351
2023-01-05 0:00,0.175222222,0.205437501
2023-01-05 1:00,0.334799995,0.276200004
2023-01-05 2:00,0.109418184,0.119479168
2023-01-05 3:00,0.215322537,0.0347
2023-01-05 4:00,1.362157947,0.483514277
2023-01-05 5:00,3.014912488,2.355303318
2023-01-05 6:00,0.131497171,0.0348
2023-01-05 7:00,0.088749998,1.188641647
2023-01-05 8:00,9.513693157,8.988954561
2023-01-05 9:00,17.7906174,21.1922113
2023-01-05 10:00,20.47069999,22.03971517
2023-01-05 11:00,23.59745225,28.73984389
2023-01-05 12:00,20.01677505,21.30333336
2023-01-05 13:00,12.54430762,14.35464169
2023-01-05 14:00,16.57921059,16.01216212
2023-01-05 15:00,20.92024156,24.8467545
2023-01-05 16:00,21.50560229,21.75688328
2023-01-05 17:00,5.569246542,5.137517646
2023-01-05 18:00,0.606040002,0.539246972
2023-01-05 19:00,1.130387875,0.844483639
2023-01-05 20:00,2.822143264,1.847249914
2023-01-05 21:00,2.769147223,3.220783373
2023-01-05 22:00,0.728224997,1.252359985
2023-01-05 23:00,0.338633334,0.034685715
2023-01-06 0:00,0.373680952,0.622179941
2023-01-06 1:00,0.225655555,0.412801515
2023-01-06 2:00,0.082608334,0
2023-01-06 3:00,0.425339394,1.041317501
2023-01-06 4:00,0.295900001,0.153999999
2023-01-06 5:00,0.302533333,0.594700002
2023-01-06 6:00,0.047933334,0.035085714
2023-01-06 7:00,0.738088335,0.436363334
2023-01-06 8:00,0.950261357,1.070105442
2023-01-06 9:00,9.215214953,10.67002219
2023-01-06 10:00,30.57301368,32.59002015
2023-01-06 11:00,17.44287343,21.75822059
2023-01-06 12:00,28.80901817,31.25590166
2023-01-06 13:00,18.36137806,20.78180323
2023-01-06 14:00,20.64129776,20.65634414
2023-01-06 15:00,17.07810813,17.31535385
2023-01-06 16:00,23.91294801,25.90762655
2023-01-06 17:00,10.67676687,11.76915969
2023-01-06 18:00,0.524347727,0.535637501
2023-01-06 19:00,0.725476838,0.319788183
2023-01-06 20:00,3.571034848,2.385303349
2023-01-06 21:00,1.915074992,2.337540361
2023-01-06 22:00,0.958188761,0.718094696
2023-01-06 23:00,2.203650003,2.419766673
2023-01-07 0:00,1.610946389,1.990644232
2023-01-07 1:00,2.212722217,2.718779168
2023-01-07 2:00,2.488536096,2.597803043
2023-01-07 3:00,2.315802759,2.37435129
2023-01-07 4:00,1.859949987,1.881896539
2023-01-07 5:00,5.964915905,5.34148714
2023-01-07 6:00,0.55761905,0.614974407
2023-01-07 7:00,4.515271618,4.363528353
2023-01-07 8:00,0.90562071,0.828890481
2023-01-07 9:00,8.606197723,7.732784836
2023-01-07 10:00,18.99509995,22.42405676
2023-01-07 11:00,23.86985682,26.48861895
2023-01-07 12:00,29.18417957,29.30040241
2023-01-07 13:00,28.58129777,32.77844854
2023-01-07 14:00,26.44380911,30.11552346
2023-01-07 15:00,26.34440008,26.22370829
2023-01-07 16:00,19.59452198,21.69357272
2023-01-07 17:00,9.435163407,10.22722539
2023-01-07 18:00,2.605692483,3.023543337
2023-01-07 19:00,0.657813332,0.504258335
2023-01-07 20:00,3.966563303,2.739558338
2023-01-07 21:00,4.109850429,4.896153341
2023-01-07 22:00,0.427107573,1.634274982
2023-01-07 23:00,1.25031888,1.600738783
2023-01-08 0:00,5.387180841,4.729607719
2023-01-08 1:00,2.690107907,1.965076551
2023-01-08 2:00,0.853266914,0.42295405
2023-01-08 3:00,1.669317956,1.504838963
2023-01-08 4:00,1.277896174,1.589150005
2023-01-08 5:00,0.667454585,0.875141177
2023-01-08 6:00,0.653805833,0.941939986
2023-01-08 7:00,1.361059725,1.471467233
2023-01-08 8:00,1.129978094,1.321444449
2023-01-08 9:00,7.623076185,8.458254554
2023-01-08 10:00,15.74996293,15.73994168
2023-01-08 11:00,17.00766818,15.55767578
2023-01-08 12:00,28.51656144,30.55624693
2023-01-08 13:00,15.85824467,19.50495979
2023-01-08 14:00,29.3301931,32.02625829
2023-01-08 15:00,25.00297681,25.76345007
2023-01-08 16:00,15.11990149,11.04267956
2023-01-08 17:00,9.869841561,8.657107421
2023-01-08 18:00,0.733476671,1.061333343
2023-01-08 19:00,2.152016669,1.736477428
2023-01-08 20:00,0.274383334,0.127483336
2023-01-08 21:00,0.471254543,0.595568185
2023-01-08 22:00,0.202339999,0
2023-01-08 23:00,1.637774993,1.76039783
2023-01-09 0:00,2.671733327,3.088840139
2023-01-09 1:00,0.633474998,0.719220075
2023-01-09 2:00,2.076299995,2.346960612
2023-01-09 3:00,0.900719443,0.515416667
2023-01-09 4:00,1.266817169,2.590321198
2023-01-09 5:00,2.434987881,2.4937305
2023-01-09 6:00,4.629388633,4.421746203
2023-01-09 7:00,2.757888865,3.723468346
2023-01-09 8:00,3.703062853,4.187995446
2023-01-09 9:00,17.23308701,18.27520576
2023-01-09 10:00,15.45629242,12.77084204
2023-01-09 11:00,25.61342724,26.21843269
2023-01-09 12:00,23.949205,19.75223415
2023-01-09 13:00,17.83316823,12.84828179
2023-01-09 14:00,14.54677044,13.4477376
2023-01-09 15:00,14.87293787,12.66311677
2023-01-09 16:00,8.91556985,9.668081498
2023-01-09 17:00,1.413526058,0.805212874
2023-01-09 18:00,2.02732466,2.879513323
2023-01-09 19:00,1.15277327,0.927930264
2023-01-09 20:00,1.453473327,0.982886664
2023-01-09 21:00,2.049944031,2.019974993
2023-01-09 22:00,0.167458335,0.238515152
2023-01-09 23:00,1.453076428,1.595306675
2023-01-10 0:00,0.947224791,1.015313721
2023-01-10 1:00,2.386862111,2.016297966
2023-01-10 2:00,0.909934532,0.923831532
2023-01-10 3:00,1.772834611,1.89236803
2023-01-10 4:00,1.23532924,1.753780269
2023-01-10 5:00,1.941597607,1.371178265
2023-01-10 6:00,0.528664283,0.37552758
2023-01-10 7:00,1.115314279,0.827104165
2023-01-10 8:00,0.18024881,0.53098167
2023-01-10 9:00,17.95514164,15.68157497
2023-01-10 10:00,15.17865229,16.50179126
2023-01-10 11:00,16.14990223,16.5253372
2023-01-10 12:00,13.2676697,13.18550304
2023-01-10 13:00,13.09284928,7.021338957
2023-01-10 14:00,10.39070325,8.64149688
2023-01-10 15:00,8.170884544,8.708777695
2023-01-10 16:00,5.635841342,6.996682464
2023-01-10 17:00,12.88687734,14.55041139
2023-01-10 18:00,0.77855793,0.461581669
2023-01-10 19:00,0.956325,0.956936914
2023-01-10 20:00,0.116183335,0.276260909
2023-01-10 21:00,0.368708332,0.737265
2023-01-10 22:00,1.994832147,2.146814815
2023-01-10 23:00,1.09805844,0.868558504
2023-01-11 0:00,0.213833334,0.3374
2023-01-11 1:00,5.095804167,4.489527169
2023-01-11 2:00,0.274793181,0.201473336
2023-01-11 3:00,0.697570831,0.2965
2023-01-11 4:00,1.609995896,2.342616639
2023-01-11 5:00,0.241641668,0.035
2023-01-11 6:00,0.414963889,0.569541659
2023-01-11 7:00,0.84825333,1.864324998
2023-01-11 8:00,4.694275611,4.97464471
2023-01-11 9:00,26.13662727,26.36281367
2023-01-11 10:00,20.59077042,25.91844015
2023-01-11 11:00,21.20093031,28.65867284
2023-01-11 12:00,24.1657082,26.02373721
2023-01-11 13:00,20.89032503,24.91464527
2023-01-11 14:00,25.56370539,27.39937664
2023-01-11 15:00,12.77263639,10.12942422
2023-01-11 16:00,15.99267879,14.64898638
2023-01-11 17:00,8.186172245,6.585260333
2023-01-11 18:00,1.809953028,1.152416664
2023-01-11 19:00,0.561066671,1.466113332
2023-01-11 20:00,0.161526667,0.211635001
2023-01-11 21:00,0.606516666,0.090666668
2023-01-11 22:00,0,0.035799999
2023-01-11 23:00,0.808516665,0.264583334
2023-01-12 0:00,0.857340947,1.097310556
2023-01-12 1:00,0.372716667,0.298999999
2023-01-12 2:00,1.129769997,0.331383334
2023-01-12 3:00,1.790170004,1.275246464
2023-01-12 4:00,0.761503333,0.296258336
2023-01-12 5:00,0.784558322,0.871083338
2023-01-12 6:00,0.414858331,0.375374999
2023-01-12 7:00,3.77254996,1.685149969
2023-01-12 8:00,9.763926305,8.183863669
2023-01-12 9:00,12.71114681,14.04277049
2023-01-12 10:00,13.87570191,14.06170385
2023-01-12 11:00,7.551879148,11.42559621
2023-01-12 12:00,20.4692127,26.47319539
2023-01-12 13:00,23.21905074,25.99312127
2023-01-12 14:00,14.28969074,21.79711468
2023-01-12 15:00,21.93153286,13.39432276
2023-01-12 16:00,21.60987496,21.65484551
2023-01-12 17:00,10.91956564,9.625075826
2023-01-12 18:00,0.186901428,0.219104318
2023-01-12 19:00,0.846618179,0.372629798
2023-01-12 20:00,1.054310002,0.105083333
2023-01-12 21:00,0.524661669,0.781241659
2023-01-12 22:00,0.626933326,0.125653334
2023-01-12 23:00,0,0
2023-01-13 0:00,0.85563333,0.46257667
2023-01-13 1:00,3.836508513,1.988746739
2023-01-13 2:00,3.441385619,3.089012876
2023-01-13 3:00,4.992921569,6.434674943
2023-01-13 4:00,1.46886028,0.721766665
2023-01-13 5:00,1.767700746,1.596079175
2023-01-13 6:00,3.501441066,2.287452652
2023-01-13 7:00,6.070521652,4.729844904
2023-01-13 8:00,1.445981338,1.410231664
2023-01-13 9:00,2.553261111,2.719601325
2023-01-13 10:00,2.226326078,2.162125846
2023-01-13 11:00,1.73915655,1.400301769
2023-01-13 12:00,1.799187877,1.283933084
2023-01-13 13:00,0.568762879,0
2023-01-13 14:00,0.356579167,0.208303787
2023-01-13 15:00,2.159559934,2.642526819
2023-01-13 16:00,2.696254523,2.326160504
2023-01-13 17:00,3.750343183,3.608836196
2023-01-13 18:00,1.536435004,1.930158221
2023-01-13 19:00,0.929007821,1.299937624
2023-01-13 20:00,0.77557875,1.425503552
2023-01-13 21:00,1.265263131,1.822966347
2023-01-13 22:00,0.237200001,0.46419167
2023-01-13 23:00,0.144342424,0.264139999
2023-01-14 0:00,0.989438609,0.515255005
2023-01-14 1:00,2.321970681,0.669070007
2023-01-14 2:00,0.478506056,0.466085
2023-01-14 3:00,1.689357058,1.196897572
2023-01-14 4:00,3.720882448,3.133948319
2023-01-14 5:00,3.023646396,2.0718906
2023-01-14 6:00,3.526980091,3.211689826
2023-01-14 7:00,3.711703171,3.123710372
2023-01-14 8:00,4.417874969,3.652626684
2023-01-14 9:00,3.798331276,3.080045303
2023-01-14 10:00,3.638009859,3.033677889
2023-01-14 11:00,1.962009597,2.141883336
2023-01-14 12:00,1.603108339,1.906568335
2023-01-14 13:00,2.327851667,1.847808345
2023-01-14 14:00,2.301723485,2.359833235
2023-01-14 15:00,2.850865312,2.724921447
2023-01-14 16:00,2.265100463,2.044404556
2023-01-14 17:00,3.05482166,3.629268356
2023-01-14 18:00,5.913719662,5.346808342
2023-01-14 19:00,4.096292376,2.634242387
2023-01-14 20:00,2.956461968,2.723316676
2023-01-14 21:00,2.91431383,2.021842518
2023-01-14 22:00,2.821205427,2.589017389
2023-01-14 23:00,4.362745993,3.807192991
2023-01-15 0:00,5.254638472,4.412128044
2023-01-15 1:00,4.226718671,3.424225028
2023-01-15 2:00,5.527204099,3.803408348
2023-01-15 3:00,5.507722258,4.002475015
2023-01-15 4:00,5.566370457,4.083333364
2023-01-15 5:00,4.168509453,3.134201538
2023-01-15 6:00,4.094783281,3.308600027
2023-01-15 7:00,3.580231429,2.589125027
2023-01-15 8:00,4.417286253,3.607356698
2023-01-15 9:00,4.295290604,3.169700024
2023-01-15 10:00,4.282761046,3.329581088
2023-01-15 11:00,4.223457457,3.385881088
2023-01-15 12:00,4.743793612,3.898800007
2023-01-15 13:00,2.378970229,2.140225005
2023-01-15 14:00,4.882496955,4.348111114
2023-01-15 15:00,4.356229578,3.492645008
2023-01-15 16:00,1.420477862,1.389991669
2023-01-15 17:00,1.663630001,1.894328572
2023-01-15 18:00,0.764091231,0.478020455
2023-01-15 19:00,1.25299214,1.168093257
2023-01-15 20:00,5.142687688,4.895661847
2023-01-15 21:00,0.934813135,1.017994623
2023-01-15 22:00,0.923516057,1.242353035
2023-01-15 23:00,1.920756495,1.677485561
2023-01-16 0:00,0.99816508,0.939483835
2023-01-16 1:00,0.883712878,0.699728331
2023-01-16 2:00,1.510409851,1.36495167
2023-01-16 3:00,1.642159089,1.733883013
2023-01-16 4:00,1.434510319,1.164444449
2023-01-16 5:00,0.310924602,0.419702783
2023-01-16 6:00,0.832962899,0.626316671
2023-01-16 7:00,2.438330788,1.332358337
2023-01-16 8:00,0.917451668,0.823841669
2023-01-16 9:00,10.72240786,10.30779789
2023-01-16 10:00,14.06214851,13.20760359
2023-01-16 11:00,11.25343493,14.88582747
2023-01-16 12:00,14.07594166,14.24647141
2023-01-16 13:00,5.845175002,5.899480572
2023-01-16 14:00,18.24973603,15.88919716
2023-01-16 15:00,21.66207425,23.23751365
2023-01-16 16:00,10.11111896,14.12853107
2023-01-16 17:00,11.45265486,9.512189635
2023-01-16 18:00,2.621438984,2.002140017
2023-01-16 19:00,1.983874171,1.266058343
2023-01-16 20:00,2.307083057,2.356017526
2023-01-16 21:00,0.793205594,0.466235119
2023-01-16 22:00,1.681761471,1.191717049
2023-01-16 23:00,0,0.163045453
2023-01-17 0:00,0.667552269,0.414182575
2023-01-17 1:00,1.458946663,1.272008603
2023-01-17 2:00,1.252938882,0.659081153
2023-01-17 3:00,2.433471434,1.493569901
2023-01-17 4:00,2.775865876,2.10464382
2023-01-17 5:00,1.748644976,1.299620779
2023-01-17 6:00,2.585434421,2.162948855
2023-01-17 7:00,1.689021675,1.304339771
2023-01-17 8:00,1.433166666,0.683291681
2023-01-17 9:00,0.369175003,0.291071821
2023-01-17 10:00,0.72564848,0.13831143
2023-01-17 11:00,1.564940906,0
2023-01-17 12:00,1.118751624,0.311323336
2023-01-17 13:00,1.0062248,0.766173336
2023-01-17 14:00,6.605501722,6.735321229
2023-01-17 15:00,3.895028245,3.718300002
2023-01-17 16:00,8.881703765,8.263818942
2023-01-17 17:00,13.28698925,15.47462502
2023-01-17 18:00,0.405096903,0.463951668
2023-01-17 19:00,1.120618331,1.146557191
2023-01-17 20:00,1.091771424,1.022282545
2023-01-17 21:00,0,0.085258332
2023-01-17 22:00,0.04224,0.137708334
2023-01-17 23:00,0.04224,0.034655556
2023-01-18 0:00,3.609131649,3.787151648
2023-01-18 1:00,0.508079998,0.793391665
2023-01-18 2:00,0,0
2023-01-18 3:00,0,0.0921
2023-01-18 4:00,0.298046668,0.353655559
2023-01-18 5:00,1.376289998,1.324966667
2023-01-18 6:00,1.218023885,1.493158813
2023-01-18 7:00,0.956313341,0.87084168
2023-01-18 8:00,0.902575719,0.65486445
2023-01-18 9:00,17.78309954,16.76323147
2023-01-18 10:00,19.47498483,19.36778487
2023-01-18 11:00,21.1163098,20.20887947
2023-01-18 12:00,19.90804247,20.38406224
2023-01-18 13:00,25.30520531,24.20880602
2023-01-18 14:00,17.88682197,16.55211369
2023-01-18 15:00,16.18665297,22.56110607
2023-01-18 16:00,22.32737732,21.86998487
2023-01-18 17:00,10.1421533,9.638203454
2023-01-18 18:00,1.30876214,1.249057853
2023-01-18 19:00,1.415872372,2.36590498
2023-01-18 20:00,1.883901124,1.505156668
2023-01-18 21:00,0.139630302,0.381902777
2023-01-18 22:00,0.291558483,0.77541516
2023-01-18 23:00,0.9472703,0.753960614
2023-01-19 0:00,0.723038495,1.225645955
2023-01-19 1:00,0.497876387,0.393902021
2023-01-19 2:00,2.144364097,2.742087335
2023-01-19 3:00,0.810919436,0.45158119
2023-01-19 4:00,0.079411112,0.148977779
2023-01-19 5:00,1.434727472,1.170559535
2023-01-19 6:00,0.797108334,1.979527369
2023-01-19 7:00,1.41914551,1.257564505
2023-01-19 8:00,9.72760835,9.521799939
2023-01-19 9:00,16.87353937,17.62670575
2023-01-19 10:00,16.82021943,15.108997
2023-01-19 11:00,22.52053096,21.22494998
2023-01-19 12:00,11.59787146,10.74051927
2023-01-19 13:00,9.030767549,10.49468129
2023-01-19 14:00,16.71475615,17.13961365
2023-01-19 15:00,16.98572577,17.42248869
2023-01-19 16:00,16.82404398,23.00503265
2023-01-19 17:00,13.76352291,12.43817455
2023-01-19 18:00,0.77973722,0.623599994
2023-01-19 19:00,0.130683333,0.253549999
2023-01-19 20:00,0.901034995,0.0776
2023-01-19 21:00,0.14775,0.17507143
2023-01-19 22:00,2.754815478,2.590674285
2023-01-19 23:00,2.241095002,1.619255713
2023-01-20 0:00,2.553987979,1.968372403
2023-01-20 1:00,0.736224999,1.248969628
2023-01-20 2:00,1.954666685,2.240514865
2023-01-20 3:00,1.1132369,0.90907167
2023-01-20 4:00,0.26972881,0.283069999
2023-01-20 5:00,0.846337457,0.773057861
2023-01-20 6:00,2.19159584,0.864903338
2023-01-20 7:00,1.802073383,1.166783637
2023-01-20 8:00,0.71876222,0.563815402
2023-01-20 9:00,13.83884802,14.28399592
2023-01-20 10:00,22.10004252,22.73503401
2023-01-20 11:00,24.36045987,25.96740004
2023-01-20 12:00,28.07867717,31.91431436
2023-01-20 13:00,28.86306589,33.75373569
2023-01-20 14:00,23.28974728,26.04793413
2023-01-20 15:00,6.160463647,6.530476526
2023-01-20 16:00,15.25732566,19.45420532
2023-01-20 17:00,6.085355564,5.076007691
2023-01-20 18:00,0.126300001,0.035
2023-01-20 19:00,0.126300001,0.035
2023-01-20 20:00,0,0
2023-01-20 21:00,0.093241666,0
2023-01-20 22:00,0.415999985,0
2023-01-20 23:00,0.446717774,0.466105559
2023-01-21 0:00,0.556551878,0.612077636
2023-01-21 1:00,0.580559282,0.41292917
2023-01-21 2:00,0.996345196,0.506983619
2023-01-21 3:00,1.387432885,1.073569326
2023-01-21 4:00,0.77422008,0.565094646
2023-01-21 5:00,0.516322615,0.527693335
2023-01-21 6:00,3.154805238,3.757200742
2023-01-21 7:00,1.544366999,1.4781407
2023-01-21 8:00,12.32270304,10.17314316
2023-01-21 9:00,14.05973226,18.27667653
2023-01-21 10:00,31.04400018,33.55108263
2023-01-21 11:00,26.12214547,29.86745147
2023-01-21 12:00,30.6342848,32.06643681
2023-01-21 13:00,24.71489037,27.89626275
2023-01-21 14:00,28.95689724,29.89298749
2023-01-21 15:00,27.22129075,31.53582268
2023-01-21 16:00,14.22169561,20.20978485
2023-01-21 17:00,7.561904639,6.767346238
2023-01-21 18:00,0.05485,0.087947501
2023-01-21 19:00,0.0903,0
2023-01-21 20:00,0.340226189,0.369285001
2023-01-21 21:00,3.355477796,2.683972228
2023-01-21 22:00,2.299260932,2.377149364
2023-01-21 23:00,1.900991324,1.500883657
2023-01-22 0:00,1.707473182,1.209156082
2023-01-22 1:00,3.233412112,2.333021006
2023-01-22 2:00,1.877337117,1.535509466
2023-01-22 3:00,3.732491656,1.8015835
2023-01-22 4:00,1.476449242,0.939314404
2023-01-22 5:00,0.941661362,0.657811376
2023-01-22 6:00,0.562674241,0.139883336
2023-01-22 7:00,0.410983333,0.222201673
2023-01-22 8:00,0.951881816,0.106958334
2023-01-22 9:00,0.332786363,0
2023-01-22 10:00,0.89309192,0.362461119
2023-01-22 11:00,1.148064396,0.778717423
2023-01-22 12:00,14.37871406,12.12969694
2023-01-22 13:00,16.11510523,14.10157382
2023-01-22 14:00,0.044350001,0.270303335
2023-01-22 15:00,0.504033327,0.943674986
2023-01-22 16:00,1.021449987,0.788825005
2023-01-22 17:00,1.664646665,2.080580449
2023-01-22 18:00,1.539255556,0.783877859
2023-01-22 19:00,0.11905,0.239470075
2023-01-22 20:00,0.0345,0.120252778
2023-01-22 21:00,1.428398254,2.090295164
2023-01-22 22:00,0.211417222,0.490933327
2023-01-22 23:00,0.355987501,0.422840279
2023-01-23 0:00,0.242783159,0.0768
2023-01-23 1:00,0.171296915,0.269274997
2023-01-23 2:00,0.250926788,0.069775
2023-01-23 3:00,3.307173275,3.886662736
2023-01-23 4:00,0.757083334,0.610080239
2023-01-23 5:00,0.470636359,0.646083337
2023-01-23 6:00,1.340571671,1.827340109
2023-01-23 7:00,1.093875203,1.262635231
2023-01-23 8:00,2.718331062,2.403701806
2023-01-23 9:00,5.685220426,6.66738997
2023-01-23 10:00,16.36789172,19.89958834
2023-01-23 11:00,28.16320626,29.57000863
2023-01-23 12:00,12.3499871,13.98988713
2023-01-23 13:00,20.30690376,17.64960606
2023-01-23 14:00,18.96460299,21.22665383
2023-01-23 15:00,25.8570894,22.31450911
2023-01-23 16:00,13.44341739,16.99831368
2023-01-23 17:00,8.456473706,7.698024758
2023-01-23 18:00,0.555167879,1.160717639
2023-01-23 19:00,1.787304177,1.277109129
2023-01-23 20:00,1.181695825,1.152254767
2023-01-23 21:00,2.078014162,1.366034023
2023-01-23 22:00,1.096535999,1.643554295
2023-01-23 23:00,1.672105298,2.167693656
2023-01-24 0:00,1.368539344,2.870609581
2023-01-24 1:00,0.991891661,0.616908334
2023-01-24 2:00,0.359178786,0.458371112
2023-01-24 3:00,0.378572721,0.229045457
2023-01-24 4:00,1.565631065,1.680643729
2023-01-24 5:00,2.237642266,2.88646753
2023-01-24 6:00,0.26157238,0.341733332
2023-01-24 7:00,1.509326674,2.298054159
2023-01-24 8:00,0.189499998,0.199125001
2023-01-24 9:00,25.4216417,29.962
2023-01-24 10:00,22.37659851,29.33400832
2023-01-24 11:00,30.17648108,33.94868411
2023-01-24 12:00,29.24378199,34.01393328
2023-01-24 13:00,11.38135761,6.627103812
2023-01-24 14:00,5.30633106,6.407927284
2023-01-24 15:00,14.3046334,7.914846983
2023-01-24 16:00,10.35800607,10.26864014
2023-01-24 17:00,15.63145501,16.55018406
2023-01-24 18:00,0,0.505371211
2023-01-24 19:00,0.192408927,0.244412498
2023-01-24 20:00,0.391671742,0.327212497
2023-01-24 21:00,0.836737144,0.82890833
2023-01-24 22:00,1.256707143,1.03548333
2023-01-24 23:00,1.432630354,1.822462485
2023-01-25 0:00,1.398043116,1.247512493
2023-01-25 1:00,1.56001309,1.674349984
2023-01-25 2:00,1.372817144,1.575662492
2023-01-25 3:00,1.378551429,1.541324992
2023-01-25 4:00,1.586195227,2.212708307
2023-01-25 5:00,1.120978242,0.816011183
2023-01-25 6:00,1.508351661,1.687134833
2023-01-25 7:00,0.619819879,0.878039995
2023-01-25 8:00,11.25529762,11.26279921
2023-01-25 9:00,18.03397731,17.39382571
2023-01-25 10:00,21.32385607,23.90357954
2023-01-25 11:00,24.65271429,26.19298332
2023-01-25 12:00,26.39574989,30.20653256
2023-01-25 13:00,27.76296664,29.62242427
2023-01-25 14:00,18.5262493,21.71086894
2023-01-25 15:00,9.688689413,13.47947054
2023-01-25 16:00,14.35739014,19.22018716
2023-01-25 17:00,8.302548524,7.99904527
2023-01-25 18:00,2.825150001,4.677608325
2023-01-25 19:00,0.228647222,0
2023-01-25 20:00,1.023797145,0.862709524
2023-01-25 21:00,3.810948149,5.489624593
2023-01-25 22:00,4.782866657,3.545208397
2023-01-25 23:00,0.591671184,0.752150001
2023-01-26 0:00,0.5624103,0.46407222
2023-01-26 1:00,2.269274876,2.739916657
2023-01-26 2:00,0.760515408,0.6509602
2023-01-26 3:00,0.32204935,0.497017298
2023-01-26 4:00,1.727661152,1.302390355
2023-01-26 5:00,1.791561126,1.236180576
2023-01-26 6:00,1.717678414,1.018735088
2023-01-26 7:00,2.412898427,1.608504556
2023-01-26 8:00,1.97010219,1.24505794
2023-01-26 9:00,5.948092082,6.508652658
2023-01-26 10:00,14.69792881,16.30194083
2023-01-26 11:00,8.476575272,8.317341376
2023-01-26 12:00,17.75588557,19.5539318
2023-01-26 13:00,7.870311168,5.901016491
2023-01-26 14:00,0,0
2023-01-26 15:00,0.04224,0.069311112
2023-01-26 16:00,0.378847729,0.903372744
2023-01-26 17:00,0.138390909,0.651654557
2023-01-26 18:00,0.041899999,0.108609093
2023-01-26 19:00,0,0.069625
2023-01-26 20:00,0.235275,0
2023-01-26 21:00,0,0.137708334
2023-01-26 22:00,0.185462121,0
2023-01-26 23:00,0.411141665,0.034433334
2023-01-27 0:00,3.112443324,2.10349169
2023-01-27 1:00,0.081724242,0.07085
2023-01-27 2:00,1.676069796,1.371166804
2023-01-27 3:00,0.41194286,0.507758702
2023-01-27 4:00,0.55481972,0.509377069
2023-01-27 5:00,0.0698,0.17099432
2023-01-27 6:00,0.110849999,0.15325
2023-01-27 7:00,0.748756073,0.547623035
2023-01-27 8:00,12.2408364,11.59633709
2023-01-27 9:00,25.63636523,26.85649407
2023-01-27 10:00,22.46806279,25.78412343
2023-01-27 11:00,22.02020074,22.15112954
2023-01-27 12:00,14.94890531,18.25851063
2023-01-27 13:00,30.30216211,32.5667477
2023-01-27 14:00,13.00811138,16.18073484
2023-01-27 15:00,11.22171438,13.76451644
2023-01-27 16:00,12.33311364,14.15804849
2023-01-27 17:00,14.2706033,15.91326997
2023-01-27 18:00,0.46016015,0.992950263
2023-01-27 19:00,0.248365148,0.203986366
2023-01-27 20:00,0.443399996,0.458849999
2023-01-27 21:00,0.227781814,0.24552078
2023-01-27 22:00,0.134999998,0.267146428
2023-01-27 23:00,0.208483332,0.178118442
2023-01-28 0:00,0.84743976,0.77024586
2023-01-28 1:00,0.185377499,0.14530889
2023-01-28 2:00,0.12262857,0.0444
2023-01-28 3:00,0.422571428,0.301689287
2023-01-28 4:00,0.4428,0.112328572
2023-01-28 5:00,0.254399996,0.107842857
2023-01-28 6:00,0,0
2023-01-28 7:00,0.158266667,0.05838889
2023-01-28 8:00,10.75506058,14.64959246
2023-01-28 9:00,16.31051217,18.28987739
2023-01-28 10:00,9.595459272,5.859975035
2023-01-28 11:00,25.06842957,27.98599555
2023-01-28 12:00,14.27267953,16.77095683
2023-01-28 13:00,25.52461746,24.98141893
2023-01-28 14:00,20.44746053,24.29138272
2023-01-28 15:00,13.35642883,17.10774089
2023-01-28 16:00,28.96914066,31.14635829
2023-01-28 17:00,20.47351132,19.87412504
2023-01-28 18:00,0.65661268,0.258160713
2023-01-28 19:00,0.358409089,0.411330952
2023-01-28 20:00,1.146141671,0.890809531
2023-01-28 21:00,0.150066668,0.059772728
2023-01-28 22:00,0.820262924,0.730071118
2023-01-28 23:00,1.540701521,1.327440609
2023-01-29 0:00,1.159409525,0.054860001
2023-01-29 1:00,1.240545442,0.915321197
2023-01-29 2:00,0.211828788,0.356095834
2023-01-29 3:00,0.0346,0
2023-01-29 4:00,0.176000001,0.068600001
2023-01-29 5:00,0.072666667,0.171208083
2023-01-29 6:00,0.852712125,0.777791674
2023-01-29 7:00,1.705148033,1.631351282
2023-01-29 8:00,12.81147421,14.92811895
2023-01-29 9:00,24.20500754,22.34933035
2023-01-29 10:00,29.62496972,25.87336736
2023-01-29 11:00,25.94842047,26.68922801
2023-01-29 12:00,24.92421436,25.1506561
2023-01-29 13:00,10.15411541,11.72535029
2023-01-29 14:00,8.692912506,8.22255989
2023-01-29 15:00,17.43098257,16.41739318
2023-01-29 16:00,7.427999259,11.52044775
2023-01-29 17:00,16.07904189,9.16809826
2023-01-29 18:00,0.727920234,0.82558772
2023-01-29 19:00,1.462672211,1.580561915
2023-01-29 20:00,0.296799997,0.295927781
2023-01-29 21:00,0.235671905,0.30409333
2023-01-29 22:00,0.444013241,0.27646071
2023-01-29 23:00,0.185371668,0.42992738
2023-01-30 0:00,0.251986112,0.193525714
2023-01-30 1:00,2.820560982,2.213872216
2023-01-30 2:00,2.183261755,1.72996063
2023-01-30 3:00,0.165402109,0.323896666
2023-01-30 4:00,0.566266667,1.002397217
2023-01-30 5:00,0.320016666,0.186979167
2023-01-30 6:00,0.910941668,0.195373333
2023-01-30 7:00,0.838329163,0.921465
2023-01-30 8:00,10.65759697,9.473852387
2023-01-30 9:00,23.10539665,19.48166986
2023-01-30 10:00,23.40691145,23.56651358
2023-01-30 11:00,18.87961674,21.82314315
2023-01-30 12:00,20.90622347,20.37937117
2023-01-30 13:00,30.60753644,34.9556601
2023-01-30 14:00,25.43283717,23.80020752
2023-01-30 15:00,27.39505373,14.39767049
2023-01-30 16:00,21.5313295,25.58175914
2023-01-30 17:00,14.41963922,8.194543688
2023-01-30 18:00,0.124799995,0.069828572
2023-01-30 19:00,0.915911905,0.694210387
2023-01-30 20:00,0,0.311441667
2023-01-30 21:00,0.642935904,0.68989901
2023-01-30 22:00,0.411380627,0.420492261
2023-01-30 23:00,0.054709092,0.121484128
2023-01-31 0:00,0.967415225,0.584669244
2023-01-31 1:00,0.0349,0.08925
2023-01-31 2:00,0.043,0.071628572
2023-01-31 3:00,0.229470454,0.334333336
2023-01-31 4:00,0.359155175,0.260167779
2023-01-31 5:00,0.628304161,0.548642429
2023-01-31 6:00,0.074033333,0.27727576
2023-01-31 7:00,0.641406818,0.62198048
2023-01-31 8:00,2.236969695,0.733045458
2023-01-31 9:00,12.60671158,6.53765715
2023-01-31 10:00,16.45100908,13.56900201
2023-01-31 11:00,26.6654167,31.78788651
2023-01-31 12:00,20.10680754,16.6264303
2023-01-31 13:00,28.8007279,33.36230479
2023-01-31 14:00,23.51217739,24.76028785
2023-01-31 15:00,20.03138331,17.50245832
2023-01-31 16:00,24.76653785,26.32050533
2023-01-31 17:00,14.68866483,17.38973872
2023-01-31 18:00,1.305921678,0.913500007
2023-01-31 19:00,0.354847617,0.271480304
2023-01-31 20:00,2.414691657,1.903103889
2023-01-31 21:00,0.428208332,0.649048311
2023-01-31 22:00,1.225916665,1.455319693
2023-01-31 23:00,2.731046979,1.904373227
2023-02-01 0:00,0.112949999,0.264141664
2023-02-01 1:00,0.705961663,1.08453408
2023-02-01 2:00,0.970270828,0.722919534
2023-02-01 3:00,0.436483337,0.53495972
2023-02-01 4:00,0.376757139,0.62944264
2023-02-01 5:00,0.564084848,0.860571819
2023-02-01 6:00,0,0.506868331
2023-02-01 7:00,0.090118182,0.44456
2023-02-01 8:00,9.400036369,6.331775026
2023-02-01 9:00,14.51633746,11.37002744
2023-02-01 10:00,28.66946617,31.15440443
2023-02-01 11:00,17.91744168,12.787253
2023-02-01 12:00,25.83033243,26.52043785
2023-02-01 13:00,11.8614881,11.70574847
2023-02-01 14:00,14.18945384,13.77756821
2023-02-01 15:00,15.93607736,16.11244622
2023-02-01 16:00,16.19975456,19.29942957
2023-02-01 17:00,15.11731042,20.01401571
2023-02-01 18:00,1.046368163,2.110874984
2023-02-01 19:00,0,0
2023-02-01 20:00,3.269095436,5.806368955
2023-02-01 21:00,0.514174998,0.317566669
2023-02-01 22:00,1.881105886,2.961561644
2023-02-01 23:00,0.515068809,0.819275004
2023-02-02 0:00,0.217444761,0.158500001
2023-02-02 1:00,0.349303634,0.216909089
2023-02-02 2:00,1.230374236,1.146368164
2023-02-02 3:00,0.232698234,0.374555002
2023-02-02 4:00,0.092566666,0
2023-02-02 5:00,0.263079761,0.265783331
2023-02-02 6:00,0.54095833,0.387658332
2023-02-02 7:00,0.89989702,0.788350996
2023-02-02 8:00,0.429820076,0.317415855
2023-02-02 9:00,9.103400292,10.59231138
2023-02-02 10:00,18.99824772,20.35414471
2023-02-02 11:00,21.26336489,19.77644165
2023-02-02 12:00,12.37403959,12.32857725
2023-02-02 13:00,11.96659739,14.19344956
2023-02-02 14:00,23.26501002,24.44518111
2023-02-02 15:00,14.10730986,12.69120439
2023-02-02 16:00,4.586366583,5.465843444
2023-02-02 17:00,9.129534853,8.991907099
2023-02-02 18:00,2.131986118,1.224338337
2023-02-02 19:00,0.746785716,0.31175397
2023-02-02 20:00,0.588329766,0.603013575
2023-02-02 21:00,0.587328335,0.327019045
2023-02-02 22:00,0.657213888,0.630716665
2023-02-02 23:00,0.17201111,0.25004524
2023-02-03 0:00,0.267305554,0.458360239
2023-02-03 1:00,0.677968335,0.915792859
2023-02-03 2:00,0.589080304,0.718749999
2023-02-03 3:00,0.144708335,0.069941668
2023-02-03 4:00,0.103275002,0
2023-02-03 5:00,0.158408335,0
2023-02-03 6:00,0,0
2023-02-03 7:00,0,0
2023-02-03 8:00,0.406456424,0.251587303
2023-02-03 9:00,9.277121239,9.690921552
2023-02-03 10:00,10.37582174,8.21251568
2023-02-03 11:00,15.64576609,15.63617707
2023-02-03 12:00,15.19265454,18.67532284
2023-02-03 13:00,12.62403557,12.69209165
2023-02-03 14:00,0.783736901,0.623378642
2023-02-03 15:00,12.28160639,13.90538871
2023-02-03 16:00,10.28042211,12.41003474
2023-02-03 17:00,9.575278805,9.914447739
2023-02-03 18:00,1.022249162,1.036400204
2023-02-03 19:00,0.830979596,1.361926671
2023-02-03 20:00,0.480477975,0.420062502
2023-02-03 21:00,0.844526663,0.856720716
2023-02-03 22:00,1.05860834,0.893599997
2023-02-03 23:00,0.334758333,0.558527385
2023-02-04 0:00,1.203992258,1.218322157
2023-02-04 1:00,0.041699999,0.104400001
2023-02-04 2:00,1.308980042,0.94707858
2023-02-04 3:00,0,0
2023-02-04 4:00,0.902500911,0.0348
2023-02-04 5:00,0.166024999,0.360923334
2023-02-04 6:00,0,0
2023-02-04 7:00,0.07698,0
2023-02-04 8:00,4.406510982,4.552453776
2023-02-04 9:00,29.0763698,31.79829606
2023-02-04 10:00,14.22169561,20.20978485
2023-02-04 11:00,19.67580208,20.66781597
2023-02-04 12:00,20.70110311,20.93871284
2023-02-04 13:00,14.78050561,20.92352046
2023-02-04 14:00,24.26633865,24.02759026
2023-02-04 15:00,14.48728339,18.15459464
2023-02-04 16:00,26.0455758,23.93869237
2023-02-04 17:00,3.433671944,4.113120624
2023-02-04 18:00,0,0.035
2023-02-04 19:00,1.669530681,0.776367424
2023-02-04 20:00,2.669505312,1.559206056
2023-02-04 21:00,0.518458334,0.624749997
2023-02-04 22:00,0.18183106,0.073754544
2023-02-04 23:00,0.202233333,0.116300001
2023-02-05 0:00,0.240184242,0.11798
2023-02-05 1:00,0.855633331,0.800999999
2023-02-05 2:00,1.128466669,0.559549999
2023-02-05 3:00,1.582129979,1.3857391
2023-02-05 4:00,0.177783336,0.194583335
2023-02-05 5:00,1.108704293,0.322936112
2023-02-05 6:00,2.030155453,1.57549091
2023-02-05 7:00,0.152039683,0.168977501
2023-02-05 8:00,14.55483561,16.44245004
2023-02-05 9:00,24.00795294,22.50849927
2023-02-05 10:00,24.93072267,26.04923189
2023-02-05 11:00,24.68181355,27.49629545
2023-02-05 12:00,17.67149099,17.78602422
2023-02-05 13:00,25.503925,29.6288772
2023-02-05 14:00,18.69408334,18.07255834
2023-02-05 15:00,13.38366519,14.59552648
2023-02-05 16:00,22.71931576,22.97836135
2023-02-05 17:00,17.11952668,15.03804847
2023-02-05 18:00,0.42307,0.238450004
2023-02-05 19:00,0.775901666,0.230933335
2023-02-05 20:00,0.773709999,0.715874997
2023-02-05 21:00,0.183809091,0.037520001
2023-02-05 22:00,0.718266665,0.472699999
2023-02-05 23:00,0.768216666,0.776291658
2023-02-06 0:00,0.169579168,0
2023-02-06 1:00,1.208961953,1.600331422
2023-02-06 2:00,0.248322724,0.082645455
2023-02-06 3:00,0.708112503,0.50704894
2023-02-06 4:00,1.87797668,1.887784246
2023-02-06 5:00,0.086865556,0.27401
2023-02-06 6:00,1.25450924,0.691534996
2023-02-06 7:00,0.465073332,0.850099993
2023-02-06 8:00,9.417884999,11.47725301
2023-02-06 9:00,23.15205825,28.58379439
2023-02-06 10:00,17.77849171,18.97571366
2023-02-06 11:00,21.63267485,22.15912505
2023-02-06 12:00,18.97239705,18.88721584
2023-02-06 13:00,14.36265804,19.18745451
2023-02-06 14:00,20.97263298,18.82302203
2023-02-06 15:00,13.29486633,12.2167674
2023-02-06 16:00,15.58066663,16.56734165
2023-02-06 17:00,2.054019686,2.027296462
2023-02-06 18:00,1.501466668,1.301994693
2023-02-06 19:00,1.109966657,0.941140755
2023-02-06 20:00,0.377350003,0.851782949
2023-02-06 21:00,1.71708253,1.695436112
2023-02-06 22:00,0.454201819,0.45818842
2023-02-06 23:00,0.67045963,0.874918844
2023-02-07 0:00,1.835351552,1.625043101
2023-02-07 1:00,0.70525357,0.183652502
2023-02-07 2:00,1.492355634,1.938490446
2023-02-07 3:00,2.802279336,3.135823615
2023-02-07 4:00,1.581482043,2.189836548
2023-02-07 5:00,0.695398487,0.82164058
2023-02-07 6:00,1.636903043,2.520558084
2023-02-07 7:00,1.1625801,0.877842367
2023-02-07 8:00,2.565916587,2.36447062
2023-02-07 9:00,0.316096667,0.240800002
2023-02-07 10:00,9.366573632,8.76945779
2023-02-07 11:00,11.70078635,10.99216057
2023-02-07 12:00,10.88529966,13.83592964
2023-02-07 13:00,12.5656638,12.55642688
2023-02-07 14:00,6.533674994,5.847078046
2023-02-07 15:00,10.94348073,14.89354027
2023-02-07 16:00,1.534845266,1.780712436
2023-02-07 17:00,2.200071137,1.531211977
2023-02-07 18:00,1.923739693,1.560981107
2023-02-07 19:00,1.217316192,1.491058375
2023-02-07 20:00,4.432113076,2.414701836
2023-02-07 21:00,1.440866664,0.624006064
2023-02-07 22:00,0.413309089,0.610983332
2023-02-07 23:00,0.444197727,0.346500004
2023-02-08 0:00,0.884683325,1.603499999
2023-02-08 1:00,0.341342147,0.415223336
2023-02-08 2:00,0.802210479,0.826266665
2023-02-08 3:00,0.297755302,0.178112498
2023-02-08 4:00,0.571494999,0.251085002
2023-02-08 5:00,3.079751688,2.677964986
2023-02-08 6:00,0.484591667,0.707548339
2023-02-08 7:00,0.192466414,0.244091668
2023-02-08 8:00,0.422924397,0.993185604
2023-02-08 9:00,19.68657656,24.41392359
2023-02-08 10:00,8.288858309,7.490756371
2023-02-08 11:00,6.134928316,8.088687233
2023-02-08 12:00,9.797639133,9.454703115
2023-02-08 13:00,16.26418176,20.60802649
2023-02-08 14:00,11.87823877,10.4560551
2023-02-08 15:00,12.64635585,12.40285521
2023-02-08 16:00,8.260149991,9.530993186
2023-02-08 17:00,12.10885225,12.31707613
2023-02-08 18:00,2.086349373,0.557447621
2023-02-08 19:00,1.079258335,1.360933328
2023-02-08 20:00,1.105620003,0.821494046
2023-02-08 21:00,1.670588897,2.105849972
2023-02-08 22:00,0.247844442,0.62060121
2023-02-08 23:00,0,0.137200001
2023-02-09 0:00,0.522080789,0.607784525
2023-02-09 1:00,0.621616668,0.375106822
2023-02-09 2:00,1.076070235,1.371097628
2023-02-09 3:00,0.224473017,0.494729171
2023-02-09 4:00,0.328556666,0.790703179
2023-02-09 5:00,1.042644643,1.262044053
2023-02-09 6:00,0.462938635,0.65929167
2023-02-09 7:00,0.061691667,0.042025
2023-02-09 8:00,0.605653866,0.76400667
2023-02-09 9:00,21.16802345,19.87667887
2023-02-09 10:00,16.9405507,21.08474849
2023-02-09 11:00,16.84942125,16.82882579
2023-02-09 12:00,16.77177068,19.74626366
2023-02-09 13:00,11.42164492,11.40068757
2023-02-09 14:00,16.12625909,18.58332537
2023-02-09 15:00,7.748952643,9.784453794
2023-02-09 16:00,1.55518333,1.647076656
2023-02-09 17:00,0.643472855,0.963852425
2023-02-09 18:00,3.770799028,3.550769999
2023-02-09 19:00,3.270734412,3.629356668
2023-02-09 20:00,3.881899557,3.73779909
2023-02-09 21:00,3.291239263,3.210747582
2023-02-09 22:00,6.20099624,4.493474251
2023-02-09 23:00,2.719816526,2.880576523
2023-02-10 0:00,2.150254114,2.642920459
2023-02-10 1:00,2.735442434,2.704321014
2023-02-10 2:00,4.607828521,3.447554817
2023-02-10 3:00,5.316505424,3.809392657
2023-02-10 4:00,6.434467243,6.461578411
2023-02-10 5:00,5.113720571,3.621275002
2023-02-10 6:00,5.347863598,4.06658334
2023-02-10 7:00,5.046689352,4.249559094
2023-02-10 8:00,5.336091005,3.967426518
2023-02-10 9:00,2.743756273,2.177977735
2023-02-10 10:00,1.470280525,1.798138339
2023-02-10 11:00,0.975853579,1.108715005
2023-02-10 12:00,12.01979999,13.64279899
2023-02-10 13:00,2.155963644,1.850346674
2023-02-10 14:00,0.091400758,0.169933335
2023-02-10 15:00,3.383333331,2.599679994
2023-02-10 16:00,1.308766667,0.906898337
2023-02-10 17:00,0.344141667,0.415621666
2023-02-10 18:00,0.521554871,0.475395964
2023-02-10 19:00,0.417553573,0.429555595
2023-02-10 20:00,0.105866666,0.160514286
2023-02-10 21:00,0.832754548,1.557637882
2023-02-10 22:00,0.871256159,1.437944386
2023-02-10 23:00,0.604516214,0.607725862
2023-02-11 0:00,0.454806667,0.545336671
2023-02-11 1:00,0.806064763,0.54340667
2023-02-11 2:00,0.659108032,0.428038336
2023-02-11 3:00,1.125213336,1.386623331
2023-02-11 4:00,0.365524697,0.253523335
2023-02-11 5:00,0.387636212,0.164863638
2023-02-11 6:00,0.536455603,0.373376671
2023-02-11 7:00,1.345785607,1.281633333
2023-02-11 8:00,12.51944516,12.58449319
2023-02-11 9:00,10.73405453,11.91370442
2023-02-11 10:00,21.01979993,23.55030408
2023-02-11 11:00,16.95191741,17.51173453
2023-02-11 12:00,23.794093,23.39979097
2023-02-11 13:00,10.04681364,11.28348261
2023-02-11 14:00,12.91253866,14.81087804
2023-02-11 15:00,4.061146679,6.530300743
2023-02-11 16:00,12.84053502,12.57707345
2023-02-11 17:00,2.107059094,2.960367419
2023-02-11 18:00,1.069279179,1.052077728
2023-02-11 19:00,0.507123103,0.505615001
2023-02-11 20:00,0.03465,0
2023-02-11 21:00,0.594733335,1.557883325
2023-02-11 22:00,0.710850004,1.208619317
2023-02-11 23:00,1.358326839,0.974991676
2023-02-12 0:00,0.769219447,0.725767449
2023-02-12 1:00,1.653300004,1.438670836
2023-02-12 2:00,2.390926652,1.573573786
2023-02-12 3:00,0.413776667,0.062275
2023-02-12 4:00,1.57159165,1.444691668
2023-02-12 5:00,2.302890897,2.08320001
2023-02-12 6:00,2.198228323,2.29701086
2023-02-12 7:00,2.076089149,2.361124998
2023-02-12 8:00,0.771570956,0.369246514
2023-02-12 9:00,9.860148486,9.246423529
2023-02-12 10:00,7.760379261,8.515593514
2023-02-12 11:00,12.85694138,14.96997984
2023-02-12 12:00,0.927602425,1.266266665
2023-02-12 13:00,12.80023742,12.80350909
2023-02-12 14:00,16.01424472,17.0116903
2023-02-12 15:00,3.865285963,3.514306076
2023-02-12 16:00,3.216840463,3.186372743
2023-02-12 17:00,3.199597739,3.412564405
2023-02-12 18:00,3.117900125,3.290311373
2023-02-12 19:00,3.000551542,3.191268943
2023-02-12 20:00,2.144795557,2.013716666
2023-02-12 21:00,0.756653074,0.402400003
2023-02-12 22:00,1.606048032,1.217162447
2023-02-12 23:00,0.472623814,0.15655
2023-02-13 0:00,2.236662882,1.512601673
2023-02-13 1:00,1.967909104,1.505775612
2023-02-13 2:00,1.257380008,0.750410002
2023-02-13 3:00,4.267766673,6.019166682
2023-02-13 4:00,2.764245462,3.072987888
2023-02-13 5:00,2.184053793,2.529088383
2023-02-13 6:00,3.256970443,3.671365089
2023-02-13 7:00,1.232442752,1.86624571
2023-02-13 8:00,2.299683666,1.913736681
2023-02-13 9:00,2.951329847,2.034770258
2023-02-13 10:00,2.75335077,2.741608342
2023-02-13 11:00,2.529417416,1.978228343
2023-02-13 12:00,2.302950757,2.319586665
2023-02-13 13:00,0.70422641,0.897476139
2023-02-13 14:00,0.258569047,0.190858334
2023-02-13 15:00,2.008252221,1.314319999
2023-02-13 16:00,0.59830076,0.540595237
2023-02-13 17:00,1.167491349,1.266158346
2023-02-13 18:00,3.290529754,2.290325018
2023-02-13 19:00,0.824756818,0.349200002
2023-02-13 20:00,2.018653025,1.348191677
2023-02-13 21:00,2.260996657,1.685366673
2023-02-13 22:00,3.138238022,2.112790009
2023-02-13 23:00,2.764505805,1.812425014
2023-02-14 0:00,1.925783479,1.562990461
2023-02-14 1:00,3.943844838,2.753998344
2023-02-14 2:00,5.058403494,3.3624235
2023-02-14 3:00,3.529687739,2.505734869
2023-02-14 4:00,2.047800905,0.822150003
2023-02-14 5:00,1.447434838,1.200225012
2023-02-14 6:00,2.963011519,1.108041673
2023-02-14 7:00,0.934750001,0.379100001
2023-02-14 8:00,3.524469839,2.303015009
2023-02-14 9:00,6.588551161,5.308801531
2023-02-14 10:00,5.425223799,6.787738507
2023-02-14 11:00,14.78340231,14.12557362
2023-02-14 12:00,8.790399712,12.41299009
2023-02-14 13:00,0,0.046916666
2023-02-14 14:00,0.406458337,0.657660457
2023-02-14 15:00,9.233282129,9.163432612
2023-02-14 16:00,13.97000907,13.53318638
2023-02-14 17:00,0.604678795,0.756047223
2023-02-14 18:00,0.034425001,0
2023-02-14 19:00,0,0
2023-02-14 20:00,0,0
2023-02-14 21:00,0.035009091,0
2023-02-14 22:00,0,0.03458
2023-02-14 23:00,0.045775,0
2023-02-15 0:00,0.182033335,0.213733335
2023-02-15 1:00,0,0
2023-02-15 2:00,0.035009091,0
2023-02-15 3:00,0.082441667,0
2023-02-15 4:00,0,0
2023-02-15 5:00,0.168516667,0.0353
2023-02-15 6:00,0.690559092,0.464394167
2023-02-15 7:00,0.036266666,0
2023-02-15 8:00,0,0
2023-02-15 9:00,0.051941666,0.179109093
2023-02-15 10:00,0,0
2023-02-15 11:00,0,0.468836372
2023-02-15 12:00,0.160919999,0.124825
2023-02-15 13:00,0,0.468836372
2023-02-15 14:00,0,0
2023-02-15 15:00,0.051941666,0.340334092
2023-02-15 16:00,0,0.034400001
2023-02-15 17:00,0,0.468836372
2023-02-15 18:00,0,0.503416373
2023-02-15 19:00,0.247234849,0.190492427
2023-02-15 20:00,0.587263632,0.416983337
2023-02-15 21:00,0,0.107433334
2023-02-15 22:00,0,0.468836372
2023-02-15 23:00,0.247234849,0.29910152
2023-02-16 0:00,0.672200751,0.704591673
2023-02-16 1:00,0.472568938,0.436293333
2023-02-16 2:00,0.578900758,0.519765001
2023-02-16 3:00,0.774529937,0.454243214
2023-02-16 4:00,1.043994332,0.959515683
2023-02-16 5:00,0.761136908,0.698420839
2023-02-16 6:00,1.216500008,1.309091657
2023-02-16 7:00,0.279345239,0.175473811
2023-02-16 8:00,11.80115377,12.7301053
2023-02-16 9:00,11.03716972,13.73694266
2023-02-16 10:00,12.16716135,11.70839996
2023-02-16 11:00,15.30487505,16.83557864
2023-02-16 12:00,11.26273018,12.93365014
2023-02-16 13:00,12.47197567,12.11496668
2023-02-16 14:00,5.63849545,7.292553768
2023-02-16 15:00,21.52839378,21.53241209
2023-02-16 16:00,21.06406208,22.82279095
2023-02-16 17:00,12.46968137,14.17928558
2023-02-16 18:00,5.91792629,6.944517987
2023-02-16 19:00,14.01279999,13.33040006
2023-02-16 20:00,1.405096653,1.119678032
2023-02-16 21:00,1.396096104,1.362558176
2023-02-16 22:00,1.396074999,1.723898482
2023-02-16 23:00,0.301359996,0.457946666
2023-02-17 0:00,0.86738215,0.537054502
2023-02-17 1:00,1.235845454,1.397263327
2023-02-17 2:00,0.248799996,0
2023-02-17 3:00,0.540303634,1.10683514
2023-02-17 4:00,2.341283323,3.190766671
2023-02-17 5:00,1.659399996,2.053028796
2023-02-17 6:00,1.720599995,2.357820454
2023-02-17 7:00,0.908977777,0.804712495
2023-02-17 8:00,0.153622858,0.347118255
2023-02-17 9:00,9.951756836,8.377178784
2023-02-17 10:00,10.23141335,13.63572257
2023-02-17 11:00,14.82595014,13.68103179
2023-02-17 12:00,13.38983619,12.847658
2023-02-17 13:00,13.13446612,10.71984697
2023-02-17 14:00,17.76688181,17.76923413
2023-02-17 15:00,10.85182272,9.868259813
2023-02-17 16:00,12.73452651,11.52506285
2023-02-17 17:00,12.51122799,12.72535121
2023-02-17 18:00,1.085320837,0.756183338
2023-02-17 19:00,2.383706067,2.05035379
2023-02-17 20:00,2.679605552,2.604118947
2023-02-17 21:00,1.1723887,1.142811432
2023-02-17 22:00,2.430728411,3.36679461
2023-02-17 23:00,0.425624207,0.10574
2023-02-18 0:00,1.975114766,1.826924603
2023-02-18 1:00,1.38921497,1.39871031
2023-02-18 2:00,4.056523349,2.489024702
2023-02-18 3:00,6.262433311,5.036141662
2023-02-18 4:00,2.026736092,2.534039721
2023-02-18 5:00,1.469456058,1.665375126
2023-02-18 6:00,5.963996964,4.381142731
2023-02-18 7:00,5.306774985,2.962367143
2023-02-18 8:00,2.85111668,3.146665003
2023-02-18 9:00,3.958094421,4.480700984
2023-02-18 10:00,1.328818327,0.835210006
2023-02-18 11:00,4.30329986,4.563161122
2023-02-18 12:00,3.376665641,3.813594704
2023-02-18 13:00,3.056948478,2.569274234
2023-02-18 14:00,3.930439362,3.110036358
2023-02-18 15:00,2.428402289,0.453922728
2023-02-18 17:00,0.894205299,1.410430303
2023-02-18 18:00,0.879374243,0.925659849
2023-02-18 19:00,2.005574252,1.780959097
2023-02-18 20:00,1.661517863,1.336831815
2023-02-18 21:00,0.536360452,0.754225001
2023-02-18 22:00,2.549895022,2.689166661
2023-02-18 23:00,1.749278463,1.621158178
2023-02-19 0:00,1.752000011,0.283141667
2023-02-19 1:00,2.887033334,3.086792119
2023-02-19 2:00,2.065058337,1.885991658
2023-02-19 3:00,2.011891672,2.239335597
2023-02-19 4:00,1.224584091,1.354279539
2023-02-19 5:00,0.850974244,1.111820459
2023-02-19 6:00,1.249962497,2.011040001
2023-02-19 7:00,2.66187501,1.013130301
2023-02-19 8:00,5.134430295,4.429294455
2023-02-19 9:00,11.00375682,11.25435158
2023-02-19 10:00,9.811719918,10.08307036
2023-02-19 11:00,17.95057199,21.94232203
2023-02-19 12:00,19.97496209,23.57041664
2023-02-19 13:00,19.09422579,23.20792651
2023-02-19 14:00,17.60911886,20.19179996
2023-02-19 15:00,11.90115072,13.3822167
2023-02-19 16:00,26.37818405,24.64711441
2023-02-19 17:00,17.52904773,20.30252882
2023-02-19 18:00,0.041849999,0
2023-02-19 19:00,0.250200005,0.045333334
2023-02-19 20:00,1.067807376,0.682571862
2023-02-19 21:00,0.823626661,1.561911109
2023-02-19 22:00,0.663374541,0.879800003
2023-02-19 23:00,0.034883333,0.06955
2023-02-20 0:00,0.815843332,0.751224994
2023-02-20 1:00,0,0.186160001
2023-02-20 2:00,0.130124997,0.183608336
2023-02-20 3:00,0.731394435,2.001649976
2023-02-20 4:00,0,0
2023-02-20 5:00,0.07965,0.038983334
2023-02-20 6:00,0.307363635,0.368772721
2023-02-20 7:00,1.229454539,1.672456541
2023-02-20 8:00,12.61038233,14.29290676
2023-02-20 9:00,17.11782043,13.02791181
2023-02-20 10:00,18.92063789,25.17490003
2023-02-20 11:00,24.97791586,26.25057563
2023-02-20 12:00,19.46641284,20.05522492
2023-02-20 13:00,12.2682985,14.58551746
2023-02-20 14:00,20.16588629,22.87712885
2023-02-20 15:00,14.55237201,16.17150613
2023-02-20 16:00,9.902616686,11.23140757
2023-02-20 17:00,10.36974473,11.66907803
2023-02-20 18:00,6.658429939,6.158418197
2023-02-20 19:00,1.162598531,1.132657785
2023-02-20 20:00,0.7722375,0.508024999
2023-02-20 21:00,1.634552413,0.998226772
2023-02-20 22:00,0.798082876,0.524291676
2023-02-20 23:00,0.215813333,0.246027779
2023-02-21 0:00,0.118279998,0.0348
2023-02-21 1:00,0.393697779,0.174000001
2023-02-21 2:00,0.035044444,0.191860001
2023-02-21 3:00,0.354937497,0.242116666
2023-02-21 4:00,0.648762496,0.95376666
2023-02-21 5:00,0.830026666,0.352440001
2023-02-21 6:00,0.391779925,0.279050003
2023-02-21 7:00,0.438861949,0.411385002
2023-02-21 8:00,6.54194499,6.209693669
2023-02-21 9:00,23.51145757,24.95444627
2023-02-21 10:00,22.03565762,19.09476368
2023-02-21 11:00,28.55125159,28.96311369
2023-02-21 12:00,13.08574703,12.50406291
2023-02-21 13:00,17.18710161,21.02636826
2023-02-21 14:00,17.95927046,19.73710991
2023-02-21 15:00,19.76776444,20.30706373
2023-02-21 16:00,16.31686212,17.88640082
2023-02-21 17:00,21.00876817,24.70388863
2023-02-21 18:00,10.07660835,11.87179621
2023-02-21 19:00,1.520256672,2.037008334
2023-02-21 20:00,0.219033334,0.076568572
2023-02-21 21:00,0.047063636,0.062900001
2023-02-21 22:00,0.133163636,0.44480552
2023-02-21 23:00,0.364126983,0.548446538
2023-02-22 0:00,0.572854891,0.420444644
2023-02-22 1:00,0.401476816,0.25188182
2023-02-22 2:00,0.815054923,0.871320772
2023-02-22 3:00,0.159978409,0.325719192
2023-02-22 4:00,0.638665908,0.532690907
2023-02-22 5:00,1.129458328,0.84634205
2023-02-22 6:00,0.1768,0.164127779
2023-02-22 7:00,0.408976589,0.617063636
2023-02-22 8:00,12.66922583,15.28133407
2023-02-22 9:00,26.65599977,29.44214151
2023-02-22 10:00,13.22766994,11.3870512
2023-02-22 11:00,15.68984782,17.94169397
2023-02-22 12:00,12.60571437,13.82115304
2023-02-22 13:00,33.18862213,32.15897322
2023-02-22 14:00,27.34510219,27.02197519
2023-02-22 15:00,21.0833424,20.1694493
2023-02-22 16:00,25.71261515,27.51908419
2023-02-22 17:00,7.42090756,8.020174257
2023-02-22 18:00,10.08056392,8.391087112
2023-02-22 19:00,4.62630607,3.19686743
2023-02-22 20:00,0.557300505,0.48170379
2023-02-22 21:00,0.665606564,0.624608335
2023-02-22 22:00,2.807905045,3.094040154
2023-02-22 23:00,1.802567427,1.87347197
2023-02-23 0:00,3.883795707,5.520331817
2023-02-23 1:00,2.14074079,2.642261371
2023-02-23 2:00,1.560300108,1.689943934
2023-02-23 3:00,0.145641667,0.411229545
2023-02-23 4:00,0.273783332,0.260983334
2023-02-23 5:00,1.027499998,1.27921515
2023-02-23 6:00,1.464699996,0.605799998
2023-02-23 7:00,3.205479533,4.059183316
2023-02-23 8:00,10.89886969,11.60216084
2023-02-23 9:00,19.24024842,20.01371286
2023-02-23 10:00,28.15082957,33.75733019
2023-02-23 11:00,30.41173848,27.55663629
2023-02-23 12:00,15.59097883,13.2588568
2023-02-23 13:00,18.83254982,17.26336332
2023-02-23 14:00,20.18250293,21.23013266
2023-02-23 15:00,11.39997651,10.04763975
2023-02-23 16:00,10.47533863,7.830913661
2023-02-23 17:00,8.706922704,7.535508343
2023-02-23 18:00,14.65242217,14.0861884
2023-02-23 19:00,0.701805297,0.508535694
2023-02-23 20:00,0.78875453,0.210086668
2023-02-23 21:00,0.775757143,0.03495
2023-02-23 22:00,2.133842419,1.617752784
2023-02-23 23:00,1.79455865,0.823011671
2023-02-24 0:00,4.000291553,3.188226061
2023-02-24 1:00,2.411042262,2.588581748
2023-02-24 2:00,1.77542272,1.601355308
2023-02-24 3:00,1.720606061,2.391688893
2023-02-24 4:00,3.686505546,3.554928778
2023-02-24 5:00,0.443508335,0.276600003
2023-02-24 6:00,0.460877781,0.32103889
2023-02-24 7:00,0.386877776,0.213656235
2023-02-24 8:00,0.100561111,0.47183667
2023-02-24 9:00,17.45105417,20.12504004
2023-02-24 10:00,24.94700993,26.14434621
2023-02-24 11:00,22.60442124,25.46633332
2023-02-24 12:00,22.116429,25.46147726
2023-02-24 13:00,34.9218426,26.83962585
2023-02-24 14:00,29.36131065,32.92989621
2023-02-24 15:00,16.61593559,20.37002408
2023-02-24 16:00,1.85673622,1.984373986
2023-02-24 17:00,1.491604695,1.574836826
2023-02-24 18:00,3.800359856,3.473781536
2023-02-24 19:00,0.852359091,0.699111197
2023-02-24 20:00,1.604152268,1.29865834
2023-02-24 21:00,1.195757872,1.151104553
2023-02-24 22:00,2.209060539,1.67857636
2023-02-24 23:00,4.062193731,3.182323894
2023-02-25 0:00,2.839800607,1.449266672
2023-02-25 1:00,0.551813633,0.575024999
2023-02-25 2:00,0.762988632,0.555016669
2023-02-25 3:00,0.791673483,1.256808334
2023-02-25 4:00,0.762988632,0.555016669
2023-02-25 5:00,0.986622723,1.241627125
2023-02-25 6:00,0.102566666,0.628813643
2023-02-25 7:00,0.247234849,0.556426977
2023-02-25 8:00,1.539353779,0.985103342
2023-02-25 9:00,0.84856111,0.910791668
2023-02-25 10:00,14.41142412,16.12977902
2023-02-25 11:00,7.859918796,8.881871559
2023-02-25 12:00,9.685766255,9.612903792
2023-02-25 13:00,11.55586142,13.09587214
2023-02-25 14:00,7.470701154,7.260989416
2023-02-25 15:00,7.819493189,9.459472252
2023-02-25 16:00,2.96291936,3.017240007
2023-02-25 17:00,2.843284832,2.669922272
2023-02-25 18:00,1.309431055,1.456481583
2023-02-25 19:00,0.732909013,0.577419444
2023-02-25 20:00,0.887763328,0.460752121
2023-02-25 21:00,0.178802273,0
2023-02-25 22:00,0.034790909,0.223424999
2023-02-25 23:00,1.291775,1.358966667
2023-02-26 0:00,0.499541665,0.43356364
2023-02-26 1:00,0.7343053,0.43836364
2023-02-26 2:00,1.759681833,1.688000178
2023-02-26 3:00,0.104273334,0.083781819
2023-02-26 4:00,0.115791668,0.143883332
2023-02-26 5:00,0.076262223,0.195472729
2023-02-26 6:00,0.047063636,0.03474
2023-02-26 7:00,0.355999292,0.293772729
2023-02-26 8:00,13.80657659,16.58157991
2023-02-26 9:00,18.62059845,21.93461514
2023-02-26 10:00,22.25929185,24.85078329
2023-02-26 11:00,22.65478712,19.86171361
2023-02-26 12:00,16.83932648,20.74035911
2023-02-26 13:00,25.82100223,24.72535145
2023-02-26 14:00,16.95255003,17.8204258
2023-02-26 15:00,21.87487385,22.5190735
2023-02-26 16:00,20.71645615,19.12934479
2023-02-26 17:00,19.4293538,17.57225229
2023-02-26 18:00,10.79814204,7.39591755
2023-02-26 19:00,0.321224994,0.231939998
2023-02-26 20:00,2.281679846,3.035057989
2023-02-26 21:00,0.094477778,0.303904997
2023-02-26 22:00,0.247638891,0.241674996
2023-02-26 23:00,0.039144445,0.307467878
2023-02-27 0:00,0.730865622,1.264013724
2023-02-27 1:00,0.574000664,0.228530833
2023-02-27 2:00,1.998950782,2.338925563
2023-02-27 3:00,2.474757309,2.222736282
2023-02-27 4:00,1.03192848,1.128913333
2023-02-27 5:00,3.595533472,3.697765301
2023-02-27 6:00,0.595563097,0.576092497
2023-02-27 7:00,0.801153781,0.757765149
2023-02-27 8:00,9.592100416,10.26203442
2023-02-27 9:00,26.51942562,28.5620798
2023-02-27 10:00,22.07458934,27.40143182
2023-02-27 11:00,17.54461971,21.96837733
2023-02-27 12:00,7.729399977,14.57611323
2023-02-27 13:00,13.93825984,16.20492833
2023-02-27 14:00,29.37565977,17.62665835
2023-02-27 15:00,31.55193103,32.96411504
2023-02-27 16:00,20.58341515,25.61388113
2023-02-27 17:00,10.59438872,10.94164172
2023-02-27 18:00,6.030096461,5.324979926
2023-02-27 19:00,7.708441719,11.02466678
2023-02-27 20:00,21.674013,24.95626718
2023-02-27 21:00,0.893789396,1.04642917
2023-02-27 22:00,0.870739998,1.92803834
2023-02-27 23:00,0.890218329,0.834041669
2023-02-28 0:00,1.197636652,1.862825006
2023-02-28 1:00,0.405881905,0.485788892
2023-02-28 2:00,0.096449999,0.230366668
2023-02-28 3:00,2.576609848,4.040080857
2023-02-28 4:00,1.347334987,1.904304173
2023-02-28 5:00,1.012487114,0.816150003
2023-02-28 6:00,0.281076662,0.2477
2023-02-28 7:00,17.12151203,16.68446097
2023-02-28 8:00,9.610910299,9.385388213
2023-02-28 9:00,20.17737346,25.1998054
2023-02-28 10:00,22.57122042,25.95709714
2023-02-28 11:00,19.13107059,18.90890163
2023-02-28 12:00,12.11421595,10.15685377
2023-02-28 13:00,13.65090385,13.18305833
2023-02-28 14:00,20.80808062,18.43101439
2023-02-28 15:00,15.4520909,13.52463834
2023-02-28 16:00,25.88298626,26.37584676
2023-02-28 17:00,12.1893898,13.35637502
2023-02-28 18:00,12.86218413,17.81410226
2023-02-28 19:00,2.78842503,1.765835723
2023-02-28 20:00,0.803693334,0.838933333
2023-02-28 21:00,0.963906063,0.31021091
2023-02-28 22:00,1.110227379,0.733211908
2023-02-28 23:00,2.227484673,2.020215854
2023-03-01 0:00,3.417477768,3.094894109
2023-03-01 1:00,3.961298934,3.372145463
2023-03-01 2:00,1.047675294,1.80529409
2023-03-01 3:00,5.763623031,6.309040184
2023-03-01 4:00,2.416919045,2.759273955
2023-03-01 5:00,1.116618173,1.856209985
2023-03-01 6:00,0.257230302,0.532585606
2023-03-01 7:00,3.155044863,2.893441671
2023-03-01 8:00,0.829274247,1.002270455
2023-03-01 9:00,8.247915133,7.559599256
2023-03-01 10:00,13.01041137,12.22181818
2023-03-01 11:00,1.837056816,1.617628189
2023-03-01 12:00,3.129812772,2.50745416
2023-03-01 13:00,12.16375787,9.589006844
2023-03-01 14:00,9.085760577,8.103884867
2023-03-01 15:00,3.503541651,2.435495829
2023-03-01 16:00,3.362261735,2.426666972
2023-03-01 17:00,7.156067429,5.447708336
2023-03-01 18:00,7.266069847,6.685636088
2023-03-01 19:00,1.725984856,1.084491662
2023-03-01 20:00,2.494339663,2.65399849
2023-03-01 21:00,1.902134865,1.367468328
2023-03-01 22:00,1.182180946,1.061183331
2023-03-01 23:00,0.397099998,2.754149993
2023-03-02 0:00,1.116833329,1.742441675
2023-03-02 1:00,2.864567573,1.613596441
2023-03-02 2:00,3.230245457,2.141075012
2023-03-02 3:00,1.305810005,1.591492464
2023-03-02 4:00,12.06992918,16.34489228
2023-03-02 5:00,0.887020952,1.471577071
2023-03-02 6:00,1.638639156,1.819316661
2023-03-02 7:00,1.445591671,0.793608695
2023-03-02 8:00,7.775413119,7.404856588
2023-03-02 9:00,14.78284321,15.36053493
2023-03-02 10:00,29.86814169,30.16832515
2023-03-02 11:00,21.71867026,22.83851133
2023-03-02 12:00,23.3779619,25.62976129
2023-03-02 13:00,22.96789308,23.17434612
2023-03-02 14:00,18.15951671,25.99672952
2023-03-02 15:00,27.23044025,30.6410386
2023-03-02 16:00,20.63546894,27.90970885
2023-03-02 17:00,15.37025273,11.99612728
2023-03-02 18:00,11.22787506,13.0473689
2023-03-02 19:00,6.601168768,6.640469168
2023-03-02 20:00,0.666115322,0.773046363
2023-03-02 21:00,2.73037776,2.540282006
2023-03-02 22:00,1.67015455,1.524539517
2023-03-02 23:00,1.145654996,1.354120436
2023-03-03 0:00,0.353884468,0.53140909
2023-03-03 1:00,0.515029996,0.943500002
2023-03-03 2:00,0.752969996,0.643200003
2023-03-03 3:00,2.403367667,1.912006051
2023-03-03 4:00,0.456109469,0.133766668
2023-03-03 5:00,0.843622733,0.969161668
2023-03-03 6:00,0.210899999,0.349400001
2023-03-03 7:00,1.391454546,0.545841671
2023-03-03 8:00,12.37568745,10.50793203
2023-03-03 9:00,29.12991435,32.75711835
2023-03-03 10:00,33.4116582,36.68803556
2023-03-03 11:00,14.64352653,17.37943255
2023-03-03 12:00,17.34078943,14.16984091
2023-03-03 13:00,13.80689583,15.34257653
2023-03-03 14:00,26.45264302,15.37878266
2023-03-03 15:00,21.31857687,21.34767727
2023-03-03 16:00,25.84992633,27.41033483
2023-03-03 17:00,15.83340987,13.2164326
2023-03-03 18:00,16.17008762,12.38139115
2023-03-03 19:00,0.4767894,0.446510717
2023-03-03 20:00,0.042145455,0.149358333
2023-03-03 21:00,0.212815476,0.167933331
2023-03-03 22:00,0.219266665,0.070066667
2023-03-03 23:00,1.073118321,0.899885446
2023-03-04 0:00,1.094183332,1.567983333
2023-03-04 1:00,0.447616664,0.231716668
2023-03-04 2:00,0.560093333,0.801091669
2023-03-04 3:00,0.249782575,0.285847728
2023-03-04 4:00,1.855483337,1.652556822
2023-03-04 5:00,0.623249996,0.390641669
2023-03-04 6:00,2.003738032,1.898108991
2023-03-04 7:00,0.749063628,0.502044843
2023-03-04 8:00,10.67071471,10.00979616
2023-03-04 9:00,9.355997734,9.427346973
2023-03-04 10:00,22.29266669,21.55148335
2023-03-04 11:00,19.09438181,15.77564099
2023-03-04 12:00,8.159263609,10.07339472
2023-03-04 13:00,6.131546219,7.986282593
2023-03-04 14:00,21.02964607,21.66578641
2023-03-04 15:00,18.42434699,14.8458613
2023-03-04 16:00,10.10983328,12.01330718
2023-03-04 17:00,18.11099084,16.81108789
2023-03-04 18:00,9.013056996,9.318997734
2023-03-04 19:00,1.326764389,1.199251667
2023-03-04 20:00,0.72304545,0.789102523
2023-03-04 21:00,0.072733334,0.194369445
2023-03-04 22:00,0.153011364,0.065471428
2023-03-04 23:00,0,0.035
2023-03-05 0:00,0.865314397,1.286154174
2023-03-05 1:00,0.319160608,0.48411667
2023-03-05 2:00,0.079454547,0.629494999
2023-03-05 3:00,0.201066665,0.238452273
2023-03-05 4:00,0.174440001,0.571408333
2023-03-05 5:00,0.339677776,0.600299993
2023-03-05 6:00,1.575631671,0.638200007
2023-03-05 7:00,0.240877273,0.200796971
2023-03-05 8:00,6.500618527,9.073008083
2023-03-05 9:00,22.55596678,21.80853641
2023-03-05 10:00,13.44649701,16.79778939
2023-03-05 11:00,15.67590604,19.17584092
2023-03-05 12:00,16.3943865,15.55325832
2023-03-05 13:00,18.24523252,11.28530301
2023-03-05 14:00,23.65607118,13.92445379
2023-03-05 15:00,17.23203179,11.05052725
2023-03-05 16:00,16.64758219,17.57122186
2023-03-05 17:00,10.73597334,14.31531824
2023-03-05 18:00,12.01701934,5.356632614
2023-03-05 19:00,0.904972295,0.575700003
2023-03-05 20:00,0.911544587,1.148356822
2023-03-05 21:00,0.155075,0.175266667
2023-03-05 22:00,0.043971428,0.03706
2023-03-05 23:00,0.741676978,0.25717381
2023-03-06 0:00,0.174679999,0.416865605
2023-03-06 1:00,1.192806661,0.907333323
2023-03-06 2:00,1.65794152,0.733511365
2023-03-06 3:00,0.766975,1.008181667
2023-03-06 4:00,0.385400001,0.142483333
2023-03-06 5:00,0.294431211,0.141400001
2023-03-06 6:00,0.631773329,0.979524997
2023-03-06 7:00,1.020856664,0.903223335
2023-03-06 8:00,10.78618759,9.54116199
2023-03-06 9:00,29.88676812,32.60683468
2023-03-06 10:00,24.36629997,25.12807351
2023-03-06 11:00,15.68083242,22.85773565
2023-03-06 12:00,10.97083072,11.05741818
2023-03-06 13:00,29.70566132,28.15090465
2023-03-06 14:00,25.71836017,27.90959163
2023-03-06 15:00,22.80567017,33.40685334
2023-03-06 16:00,19.08569397,22.2935364
2023-03-06 17:00,16.0602196,19.66480303
2023-03-06 18:00,10.79924343,10.18195015
2023-03-06 19:00,0.161666667,0.076454445
2023-03-06 20:00,1.460349998,1.329962507
2023-03-06 21:00,1.182698339,1.101424999
2023-03-06 22:00,1.452782579,0.813226191
2023-03-06 23:00,1.34866742,0.987837502
2023-03-07 0:00,1.026589845,0.637356819
2023-03-07 1:00,1.711431818,1.598668301
2023-03-07 2:00,0.860876516,1.660483338
2023-03-07 3:00,0.755500004,0.728508335
2023-03-07 4:00,0.662366665,0.347441663
2023-03-07 5:00,0.320311171,0.543276667
2023-03-07 6:00,0.619302731,0.471799999
2023-03-07 7:00,0.755229394,0.469318334
2023-03-07 8:00,4.37018959,5.163656067
2023-03-07 9:00,31.65987801,34.67711446
2023-03-07 10:00,28.85142199,30.34289459
2023-03-07 11:00,20.47253936,19.30146135
2023-03-07 12:00,30.41409165,33.15911735
2023-03-07 13:00,17.93548258,24.03129997
2023-03-07 14:00,23.12303339,22.6150236
2023-03-07 15:00,22.8531546,23.20393719
2023-03-07 16:00,15.20518336,13.65306293
2023-03-07 17:00,17.45651736,17.58973486
2023-03-07 18:00,15.45435393,13.6632585
2023-03-07 19:00,1.024461676,0.835613705
2023-03-07 20:00,1.667540291,1.404220011
2023-03-07 21:00,2.554518553,1.435833921
2023-03-07 22:00,0.332284091,0.804708337
2023-03-07 23:00,0.246814999,0.752932276
2023-03-08 0:00,0.236601667,0.523508337
2023-03-08 1:00,0.122458335,0
2023-03-08 2:00,0.229076517,0.245338637
2023-03-08 3:00,0.281400002,0.646731673
2023-03-08 4:00,0,0.273533331
2023-03-08 5:00,1.074153343,0.835238643
2023-03-08 6:00,0.676246669,0.722550005
2023-03-08 7:00,0.173750001,0.0704
2023-03-08 8:00,10.61185756,10.60077015
2023-03-08 9:00,12.47815529,16.07538607
2023-03-08 10:00,20.43246137,20.64571267
2023-03-08 11:00,15.33140149,17.41512044
2023-03-08 12:00,11.21331388,11.79426743
2023-03-08 13:00,10.48376164,7.846239439
2023-03-08 14:00,9.432966645,8.606533381
2023-03-08 15:00,9.140841663,7.530575029
2023-03-08 16:00,19.86810309,21.28030004
2023-03-08 17:00,13.34210343,12.44810392
2023-03-08 18:00,7.684919683,8.057164714
2023-03-08 19:00,9.905465553,8.047164511
2023-03-08 20:00,0.383755,0.297674998
2023-03-08 21:00,0.484674843,0.771036941
2023-03-08 22:00,4.17635001,4.132039275
2023-03-08 23:00,2.637112335,2.920592851
2023-03-09 0:00,0.539733332,0.636282141
2023-03-09 1:00,0.765011109,0.62433762
2023-03-09 2:00,0.787145828,0.535424995
2023-03-09 3:00,3.893929705,3.056606822
2023-03-09 4:00,1.169874856,1.035128335
2023-03-09 5:00,0.516508838,0.360161669
2023-03-09 6:00,1.337188137,1.370172685
2023-03-09 7:00,0.277238788,0.672650303
2023-03-09 8:00,0.256086907,0.29957
2023-03-09 9:00,0.447441667,0.417819087
2023-03-09 10:00,1.612621599,1.439266361
2023-03-09 11:00,14.71205546,13.9760758
2023-03-09 12:00,13.99058334,13.31405532
2023-03-09 13:00,19.03222265,19.59611063
2023-03-09 14:00,17.57123048,20.30003655
2023-03-09 15:00,22.32736227,23.48793791
2023-03-09 16:00,20.00644183,19.38125183
2023-03-09 17:00,11.49503334,10.92628122
2023-03-09 18:00,0.709168447,1.229197731
2023-03-09 19:00,1.634075924,1.035058324
2023-03-09 20:00,1.599867919,1.509701764
2023-03-09 21:00,0.951374684,0.677024998
2023-03-09 22:00,1.705046032,1.071359444
2023-03-09 23:00,2.098829802,1.287508994
2023-03-10 0:00,0.184366666,0.453548331
2023-03-10 1:00,1.016229669,1.193176661
2023-03-10 2:00,1.365768656,1.082865
2023-03-10 3:00,1.43941667,0.706515
2023-03-10 4:00,0.169166667,0.034625
2023-03-10 5:00,3.603550008,3.601138626
2023-03-10 6:00,0.99679068,1.067364992
2023-03-10 7:00,1.921585903,2.060228018
2023-03-10 8:00,1.187342851,0.658846205
2023-03-10 9:00,11.37161843,9.588810911
2023-03-10 10:00,18.65418118,21.04720461
2023-03-10 11:00,13.14777973,13.36717503
2023-03-10 12:00,11.04836351,15.86141121
2023-03-10 13:00,22.22345086,26.14989399
2023-03-10 14:00,22.06089896,23.79814914
2023-03-10 15:00,19.20816674,20.69250237
2023-03-10 16:00,17.53578834,16.17969005
2023-03-10 17:00,13.91764193,12.3699552
2023-03-10 18:00,6.251522532,6.683426564
2023-03-10 19:00,0.889846865,0.711943937
2023-03-10 20:00,1.188838886,0.907596749
2023-03-10 21:00,1.345831299,0.722623114
2023-03-10 22:00,0.972144442,1.461844447
2023-03-10 23:00,2.144652766,1.861251121
2023-03-11 0:00,0.522191665,0.648208329
2023-03-11 1:00,1.361978782,0.90494621
2023-03-11 2:00,0.188970453,0.106799998
2023-03-11 3:00,0.65498106,0.852340916
2023-03-11 4:00,2.544504532,2.081103027
2023-03-11 5:00,1.93865065,1.742273082
2023-03-11 6:00,1.460442913,0.303210101
2023-03-11 7:00,1.384934844,0.991600809
2023-03-11 8:00,0.042242857,0.509505304
2023-03-11 9:00,0.607271967,0.778486765
2023-03-11 10:00,16.90221306,11.99153338
2023-03-11 11:00,17.09958251,17.67905605
2023-03-11 12:00,19.81730923,16.63852457
2023-03-11 13:00,16.8436149,19.806694
2023-03-11 14:00,14.13948179,12.28134684
2023-03-11 15:00,3.251727524,2.322317475
2023-03-11 16:00,5.48187425,5.478152196
2023-03-11 17:00,5.482045713,5.533725565
2023-03-11 18:00,1.665537007,0.79716356
2023-03-11 19:00,6.058058662,5.360376017
2023-03-11 20:00,3.264124546,3.580162705
2023-03-11 21:00,4.707130711,5.023618332
2023-03-11 22:00,8.567104312,6.192445606
2023-03-11 23:00,5.246719855,5.151233333
2023-03-12 0:00,1.553553181,1.170834552
2023-03-12 1:00,0.925990401,1.223518621
2023-03-12 2:00,1.094798731,1.030318618
2023-03-12 3:00,1.668956061,1.398085149
2023-03-12 4:00,0.370434391,0.088163637
2023-03-12 5:00,1.63634308,1.246303639
2023-03-12 6:00,0.239524999,0.390858332
2023-03-12 7:00,0.356193182,0.424646972
2023-03-12 8:00,0.968961517,1.167290157
2023-03-12 9:00,0.188558332,0.202379999
2023-03-12 10:00,0.213481666,0.619033332
2023-03-12 11:00,1.989066374,1.918608343
2023-03-12 12:00,8.353462938,10.43438918
2023-03-12 13:00,15.98178997,6.204365471
2023-03-12 14:00,4.976567371,4.30176333
2023-03-12 15:00,4.763900835,3.601666664
2023-03-12 16:00,4.995340906,2.0411481
2023-03-12 17:00,5.274643185,2.487723064
2023-03-12 18:00,5.077636803,1.341655305
2023-03-12 19:00,3.341813261,2.413984476
2023-03-12 20:00,1.348327284,1.174707584
2023-03-12 21:00,3.641870471,3.117146203
2023-03-12 22:00,5.995579752,7.96547938
2023-03-12 23:00,2.140335593,1.551286821
2023-03-13 0:00,2.44419739,5.48277479
2023-03-13 1:00,0.813166514,0.274734546
2023-03-13 2:00,0.919128425,1.169174293
2023-03-13 3:00,0.327207249,0.343305196
2023-03-13 4:00,0.1579375,0.068400002
2023-03-13 5:00,0.035,0
2023-03-13 6:00,0.519720913,0.104400001
2023-03-13 7:00,0,0
2023-03-13 8:00,10.23492681,9.510193041
2023-03-13 9:00,15.04903711,14.60895833
2023-03-13 10:00,28.55274228,31.70965242
2023-03-13 11:00,20.1350023,19.08960907
2023-03-13 12:00,17.23706445,19.97202428
2023-03-13 13:00,24.64325602,27.77179171
2023-03-13 14:00,20.65240687,20.02853188
2023-03-13 15:00,13.90519246,16.50819469
2023-03-13 16:00,17.87118636,14.0550932
2023-03-13 17:00,13.6319947,14.42861892
2023-03-13 18:00,7.587161361,8.451574244
2023-03-13 19:00,1.174672732,1.241149497
2023-03-13 20:00,2.889748745,3.309079924
2023-03-13 21:00,2.989404287,3.572756816
2023-03-13 22:00,4.493177525,4.510297984
2023-03-13 23:00,5.580745436,6.028696966
2023-03-14 0:00,0.362200001,0.080433334
2023-03-14 1:00,1.388783335,1.452668946
2023-03-14 2:00,0.930116668,0.789254547
2023-03-14 3:00,4.031247237,4.322408344
2023-03-14 4:00,6.285864272,6.531652268
2023-03-14 5:00,4.61386946,3.228287743
2023-03-14 6:00,0.730485318,0.502215001
2023-03-14 7:00,5.366004297,5.115061364
2023-03-14 8:00,2.207220716,2.328358343
2023-03-14 9:00,3.067059119,2.5015
2023-03-14 10:00,7.39283182,5.272866672
2023-03-14 11:00,7.134461276,5.025942288
2023-03-14 12:00,1.308477599,1.523630549
2023-03-14 13:00,1.905022206,1.380402771
2023-03-14 14:00,8.805417438,9.83140835
2023-03-14 15:00,16.21029924,12.36423711
2023-03-14 16:00,18.72036444,11.92745987
2023-03-14 17:00,14.47280678,18.49274481
2023-03-14 18:00,14.61038563,14.19982421
2023-03-14 19:00,0.967766214,1.046447383
2023-03-14 20:00,0.910486671,0.627286362
2023-03-14 21:00,0.182545454,0
2023-03-14 22:00,0.107990476,0
2023-03-14 23:00,7.49578031,5.110633305
2023-03-15 0:00,1.173582577,1.66534319
2023-03-15 1:00,3.953091683,3.2027197
2023-03-15 2:00,3.823103058,3.729031803
2023-03-15 3:00,2.147645159,2.295923486
2023-03-15 4:00,8.007450323,7.823171985
2023-03-15 5:00,0.472819446,0.319333332
2023-03-15 6:00,3.2594539,1.972458329
2023-03-15 7:00,1.592916448,0.468799748
2023-03-15 8:00,11.7945911,12.22539719
2023-03-15 9:00,17.99073061,15.10071819
2023-03-15 10:00,6.966750503,5.850216676
2023-03-15 11:00,23.98033033,27.39937428
2023-03-15 12:00,27.42924853,25.61729296
2023-03-15 13:00,31.34257651,35.17863195
2023-03-15 14:00,26.79499326,27.68917654
2023-03-15 15:00,17.04407625,16.45884244
2023-03-15 16:00,20.36724478,19.98396542
2023-03-15 17:00,15.27932819,15.30802962
2023-03-15 18:00,20.48003524,16.81142297
2023-03-15 19:00,1.764192788,1.874826682
2023-03-15 20:00,1.694933328,2.291010008
2023-03-15 21:00,0.566017855,0.238840303
2023-03-15 22:00,1.118074995,0.66331278
2023-03-15 23:00,3.26904135,2.828234846
2023-03-16 0:00,2.271179261,3.521850528
2023-03-16 1:00,1.506184088,2.745587885
2023-03-16 2:00,2.5451648,3.93803785
2023-03-16 3:00,1.576766659,0.814546667
2023-03-16 4:00,0.481783335,0.205388691
2023-03-16 5:00,0.105699999,0.077181818
2023-03-16 6:00,0.927219703,1.153509997
2023-03-16 7:00,1.560275001,0.87279712
2023-03-16 8:00,5.963992374,5.104352113
2023-03-16 9:00,13.72899762,17.43670526
2023-03-16 10:00,15.95430065,16.26634399
2023-03-16 11:00,16.56904546,19.03280077
2023-03-16 12:00,11.55852879,18.63024015
2023-03-16 13:00,11.03138329,14.98218487
2023-03-16 14:00,16.35896421,16.39562126
2023-03-16 15:00,12.49518633,11.53876216
2023-03-16 16:00,13.81532344,5.9341341
2023-03-16 17:00,18.07415689,21.47243482
2023-03-16 18:00,16.43740455,17.12426076
2023-03-16 19:00,0.818942429,0.55144405
2023-03-16 20:00,0.403758334,0.719195996
2023-03-16 21:00,1.375878543,0.729357148
2023-03-16 22:00,0.182533333,0.419308656
2023-03-16 23:00,0.895924442,1.005219513
2023-03-17 0:00,0.93207083,1.26876509
2023-03-17 1:00,1.399119999,1.404641674
2023-03-17 2:00,1.181695825,1.152254767
2023-03-17 3:00,0.50591083,0.647294051
2023-03-17 4:00,0.396511113,0.160311428
2023-03-17 5:00,1.32622166,1.064280006
2023-03-17 6:00,0.263737502,0.106222223
2023-03-17 7:00,0,0.033775001
2023-03-17 8:00,9.969493338,13.83726802
2023-03-17 9:00,20.07485,18.78551888
2023-03-17 10:00,16.56786211,18.01547953
2023-03-17 11:00,19.24226112,18.71606515
2023-03-17 12:00,14.26984909,16.19740536
2023-03-17 13:00,17.34640196,14.8107093
2023-03-17 14:00,15.77088483,20.60130459
2023-03-17 15:00,13.02777732,12.13728328
2023-03-17 16:00,11.25541742,10.68051668
2023-03-17 17:00,15.13190146,15.84290301
2023-03-17 18:00,1.689751408,1.925315455
2023-03-17 19:00,1.468866662,0.594727273
2023-03-17 20:00,1.326791662,1.055399242
2023-03-17 21:00,2.164782866,2.591314386
2023-03-17 22:00,0.457363635,0.872558764
2023-03-17 23:00,0.559124997,0.472172909
2023-03-18 0:00,0.165173485,0.210965051
2023-03-18 1:00,0.428898485,0.325841849
2023-03-18 2:00,0.163465453,0.106724998
2023-03-18 3:00,0.204475,0.290973333
2023-03-18 4:00,0.500086687,0.448224609
2023-03-18 5:00,0.052291667,0.0347
2023-03-18 6:00,0.323430303,0.125922223
2023-03-18 7:00,0.232533331,0.038454545
2023-03-18 8:00,10.11173366,10.45218252
2023-03-18 9:00,17.23364996,22.82961667
2023-03-18 10:00,22.84055163,23.85858411
2023-03-18 11:00,12.31317452,15.33684708
2023-03-18 12:00,23.90771752,25.68157384
2023-03-18 13:00,24.5626091,24.30653496
2023-03-18 14:00,18.57278565,14.71683035
2023-03-18 15:00,25.66330759,22.96845907
2023-03-18 16:00,20.06861971,20.14783258
2023-03-18 17:00,17.38782573,16.23418034
2023-03-18 18:00,14.87248492,18.59147596
2023-03-18 19:00,0.222786664,0.454966666
2023-03-18 20:00,1.671409092,1.057616672
2023-03-18 21:00,0.952523567,1.252651981
2023-03-18 22:00,0.320777487,0.684195345
2023-03-18 23:00,1.17815638,0.765250113
2023-03-19 0:00,0.320345708,0.141085715
2023-03-19 1:00,0.1283,0.315215907
2023-03-19 2:00,0.33391667,0.651013571
2023-03-19 3:00,0.548888636,0.418965554
2023-03-19 4:00,1.954792424,1.683791671
2023-03-19 5:00,0.519966667,0.580483335
2023-03-19 6:00,2.840309182,3.695491668
2023-03-19 7:00,0.521770463,1.204479539
2023-03-19 8:00,10.23146998,7.456941957
2023-03-19 9:00,28.22778955,28.41544086
2023-03-19 10:00,25.31170796,29.3850737
2023-03-19 11:00,23.77214857,26.89603337
2023-03-19 12:00,16.79175338,15.13798104
2023-03-19 13:00,17.2732492,19.24265452
2023-03-19 14:00,24.48594782,22.5973302
2023-03-19 15:00,11.77700527,12.77555309
2023-03-19 16:00,20.88630449,20.80513064
2023-03-19 17:00,23.52781594,18.99683449
2023-03-19 18:00,5.559740285,9.903334351
2023-03-19 19:00,0.2809,0.818799995
2023-03-19 20:00,0.373099239,0.241527778
2023-03-19 21:00,1.590533323,1.804587125
2023-03-19 22:00,0.527120152,0.679625248
2023-03-19 23:00,0.526093331,1.467115157
2023-03-20 0:00,1.161952291,1.262350001
2023-03-20 1:00,0.484266662,0.209533334
2023-03-20 2:00,0.334799995,0.457733331
2023-03-20 3:00,0.343028177,0.437436667
2023-03-20 4:00,0.52481667,0.174666667
2023-03-20 5:00,0.069153334,0.527017426
2023-03-20 6:00,0.56347667,0.406500001
2023-03-20 7:00,1.783854292,1.130866673
2023-03-20 8:00,14.19735491,15.26027351
2023-03-20 9:00,25.81466665,17.92887502
2023-03-20 10:00,9.418847728,16.33342421
2023-03-20 11:00,19.62978708,21.79634996
2023-03-20 12:00,16.58893247,16.12612554
2023-03-20 13:00,12.21506202,8.795671612
2023-03-20 14:00,14.23761063,14.41254391
2023-03-20 15:00,12.97092349,15.80616591
2023-03-20 16:00,10.67709469,11.25245677
2023-03-20 17:00,24.45305833,24.12662883
2023-03-20 18:00,20.91817927,17.49244207
2023-03-20 19:00,0.780558336,0.869938953
2023-03-20 20:00,0.644072727,0.689436361
2023-03-20 21:00,1.555747734,0.58126351
2023-03-20 22:00,0.196581667,0.394905555
2023-03-20 23:00,0.403093335,0.125125
2023-03-21 0:00,0.04644,0
2023-03-21 1:00,0.449246593,0.454821824
2023-03-21 2:00,0.636200001,0.279172224
2023-03-21 3:00,8.175257605,6.137491669
2023-03-21 4:00,0.980825006,0.906070455
2023-03-21 5:00,1.453122297,0.83603924
2023-03-21 6:00,0.541273508,0.940641314
2023-03-21 7:00,0.042524999,0.142591666
2023-03-21 8:00,14.33220255,13.46920518
2023-03-21 9:00,24.68950153,24.4185803
2023-03-21 10:00,13.06152273,29.37792655
2023-03-21 11:00,21.50308092,27.36949615
2023-03-21 12:00,20.83317364,18.13421879
2023-03-21 13:00,17.7621099,21.5062113
2023-03-21 14:00,15.64043107,17.6067925
2023-03-21 15:00,16.51166442,17.17039612
2023-03-21 16:00,24.06217058,25.86405281
2023-03-21 17:00,16.49661262,14.71807582
2023-03-21 18:00,8.238688371,10.50345768
2023-03-21 19:00,1.715345458,2.458359974
2023-03-21 20:00,0.15758712,0.075392727
2023-03-21 21:00,0.119175,0.074866667
2023-03-21 22:00,0.170000006,0
2023-03-21 23:00,1.076215455,1.387108481
2023-03-22 0:00,1.076215455,1.387108481
2023-03-22 1:00,3.032024158,2.084810007
2023-03-22 2:00,0.811521209,0.806634091
2023-03-22 3:00,0.739364282,0.197516666
2023-03-22 4:00,0.974035007,0.455119698
2023-03-22 5:00,0.693185444,0.589699998
2023-03-22 6:00,0.806313308,0.802265755
2023-03-22 7:00,1.005399466,0.581666667
2023-03-22 8:00,18.17939692,20.03792652
2023-03-22 9:00,15.43666395,20.2334871
2023-03-22 10:00,20.52611736,17.0820698
2023-03-22 11:00,22.60179772,21.32348691
2023-03-22 12:00,17.05610321,17.72676208
2023-03-22 13:00,19.81495148,27.79188046
2023-03-22 14:00,27.56203631,29.42701896
2023-03-22 15:00,30.89026137,31.2036689
2023-03-22 16:00,25.42635601,29.13160374
2023-03-22 17:00,25.93637045,27.5460295
2023-03-22 18:00,10.57752019,6.936413641
2023-03-22 19:00,0.210583332,0.225716667
2023-03-22 20:00,3.459962449,2.819284741
2023-03-22 21:00,2.584551359,3.911635391
2023-03-22 22:00,1.916046981,4.338076234
2023-03-22 23:00,3.849205002,2.962682127
2023-03-23 0:00,2.066721602,1.124647621
2023-03-23 1:00,2.663037624,2.339946421
2023-03-23 2:00,0.885108336,1.09371905
2023-03-23 3:00,1.108641667,1.035006657
2023-03-23 4:00,2.089636357,3.346488899
2023-03-23 5:00,1.065548332,0.948527381
2023-03-23 6:00,2.903190891,5.137915166
2023-03-23 7:00,3.694059846,2.430573899
2023-03-23 8:00,2.806137505,3.232186653
2023-03-23 9:00,1.471074999,1.087185713
2023-03-23 10:00,0.221199998,0.404436364
2023-03-23 11:00,1.072309166,0.539632857
2023-03-23 12:00,2.293932801,2.385699997
2023-03-23 13:00,4.020537895,3.838871066
2023-03-23 14:00,3.078637377,2.094441671
2023-03-23 15:00,6.086938631,5.191381132
2023-03-23 16:00,2.668065297,2.430293837
2023-03-23 17:00,7.317483325,6.875496382
2023-03-23 18:00,2.84922288,1.625531725
2023-03-23 19:00,3.297994846,1.489997509
2023-03-23 20:00,0.209899998,0.330563333
2023-03-23 21:00,1.105871067,0.534317574
2023-03-23 22:00,1.517643868,0.90068364
2023-03-23 23:00,0.774067803,0.579101658
2023-03-24 0:00,1.634540758,1.337477875
2023-03-24 1:00,2.394226012,1.958864653
2023-03-24 2:00,2.42122056,2.447280111
2023-03-24 3:00,0.470397219,0.307878031
2023-03-24 4:00,0.713450431,0.627217853
2023-03-24 5:00,0.378549999,0.162833334
2023-03-24 6:00,4.388595811,4.144726013
2023-03-24 7:00,1.122394437,1.180119045
2023-03-24 8:00,2.560874995,2.694954933
2023-03-24 9:00,2.925073479,3.871146678
2023-03-24 10:00,4.348070458,2.348411373
2023-03-24 11:00,4.479501258,3.685408355
2023-03-24 12:00,3.05390476,2.442588346
2023-03-24 13:00,3.321309845,2.688450763
2023-03-24 14:00,3.129600757,2.882825513
2023-03-24 15:00,1.522518949,1.794780558
2023-03-24 16:00,2.200425018,2.278095445
2023-03-24 17:00,1.86953335,1.178256053
2023-03-24 18:00,0.728518338,0.392941668
2023-03-24 19:00,0.905214293,0.63261167
2023-03-24 20:00,0.74371076,0.864691674
2023-03-24 21:00,3.203361881,2.168708339
2023-03-24 22:00,0.829311917,0.251390153
2023-03-24 23:00,0.261536664,0.123748485
2023-03-25 0:00,1.712965941,0.962953032
2023-03-25 1:00,0.653616885,0.487285608
2023-03-25 2:00,0.861765481,0.475327279
2023-03-25 3:00,0.514818336,0.143783334
2023-03-25 4:00,0.720545002,0.308983336
2023-03-25 5:00,0.632255196,0.352222726
2023-03-25 6:00,0.238058334,0.171204761
2023-03-25 7:00,0.438866883,0.455965153
2023-03-25 8:00,0.676704544,0.367168483
2023-03-25 9:00,0.194929394,0.172045455
2023-03-25 10:00,0.488505001,0.415088334
2023-03-25 11:00,0.633622728,0.100783334
2023-03-25 12:00,1.14893227,0.398986668
2023-03-25 13:00,1.929647207,1.949874548
2023-03-25 14:00,1.034666666,0.940772739
2023-03-25 15:00,1.853483335,2.79912702
2023-03-25 16:00,5.052702978,4.052511098
2023-03-25 17:00,3.228294536,2.145674185
2023-03-25 18:00,2.01721575,2.477772574
2023-03-25 19:00,1.37976999,0.921446542
2023-03-25 20:00,0.742891556,0.507994192
2023-03-25 21:00,0.88504134,1.019111871
2023-03-25 22:00,2.663146966,2.039650508
2023-03-25 23:00,1.282201784,1.585684092
2023-03-26 0:00,0.792991657,0.499940905
2023-03-26 1:00,0.609902488,0.453362421
2023-03-26 2:00,0.493632579,0.571590156
2023-03-26 3:00,0.535276514,1.710947736
2023-03-26 4:00,1.133207575,1.167271211
2023-03-26 5:00,0.780574995,0.66927954
2023-03-26 6:00,0.93714924,0.518430299
2023-03-26 7:00,0.359109635,0.6297038
2023-03-26 8:00,0.806602381,1.677676668
2023-03-26 9:00,1.257933486,1.775268333
2023-03-26 10:00,1.94425086,1.514550607
2023-03-26 11:00,2.745829399,2.017153032
2023-03-26 12:00,2.423312888,2.231792423
2023-03-26 13:00,7.320361912,6.82852169
2023-03-26 14:00,4.406811483,4.406411326
2023-03-26 15:00,5.139011916,4.405274453
2023-03-26 16:00,7.091332146,6.926673355
2023-03-26 17:00,2.932955556,3.322657565
2023-03-26 18:00,1.122133329,0.929586665
2023-03-26 19:00,2.107790063,1.528067584
2023-03-26 20:00,0.50376823,0.536788635
2023-03-26 21:00,0.503963028,0.571353788
2023-03-26 22:00,0.310948699,0.395421428
2023-03-26 23:00,0.621538629,0.601880513
2023-03-27 0:00,0,0.108258334
2023-03-27 1:00,0.183443334,0.172849998
2023-03-27 2:00,0.757936366,0.454982224
2023-03-27 3:00,0.992828632,1.115653386
2023-03-27 4:00,0.388540154,0.368680303
2023-03-27 5:00,0.319199996,0.54803636
2023-03-27 6:00,2.501721121,1.3606875
2023-03-27 7:00,0.616408336,0.93960833
2023-03-27 8:00,13.65185894,15.96415581
2023-03-27 9:00,14.31912117,11.25162546
2023-03-27 10:00,16.00936585,15.27743922
2023-03-27 11:00,5.763484988,9.222541633
2023-03-27 12:00,26.06677603,24.97720761
2023-03-27 13:00,21.61831599,23.30497569
2023-03-27 14:00,25.9932576,27.49027575
2023-03-27 15:00,24.50860152,26.61191658
2023-03-27 16:00,14.5189356,15.09894701
2023-03-27 17:00,16.02564322,17.72941744
2023-03-27 18:00,17.53019337,18.11858939
2023-03-27 19:00,0.605169701,0.542842425
2023-03-27 20:00,1.715087579,1.549011119
2023-03-27 21:00,0.085514284,0.281739285
2023-03-27 22:00,0.849245164,0.969640257
2023-03-27 23:00,0.369183332,0.175585714
2023-03-28 0:00,0.527563208,0.813516671
2023-03-28 1:00,0.0355,0.060342857
2023-03-28 2:00,0.232278788,0.407229164
2023-03-28 3:00,2.149745452,2.810830225
2023-03-28 4:00,6.343898887,7.387985235
2023-03-28 5:00,0.697124414,0.526871862
2023-03-28 6:00,0.54207273,0.587784847
2023-03-28 7:00,2.978813125,2.659846933
2023-03-28 8:00,17.82983331,21.49367053
2023-03-28 9:00,27.57593181,28.25669929
2023-03-28 10:00,26.55555682,27.24218239
2023-03-28 11:00,17.0989417,17.55643559
2023-03-28 12:00,20.13587354,20.718953
2023-03-28 13:00,17.23620672,19.75482811
2023-03-28 14:00,24.4412348,17.92362425
2023-03-28 15:00,10.00233262,10.28446664
2023-03-28 16:00,7.822951517,7.727383326
2023-03-28 17:00,23.91096512,18.87425142
2023-03-28 18:00,6.096318786,6.556859928
2023-03-28 19:00,0.409108331,0.249862013
2023-03-28 20:00,0.415974995,0.444008331
2023-03-28 21:00,2.791328028,3.089866925
2023-03-28 22:00,0.622878028,0.454018686
2023-03-28 23:00,1.218474991,1.269172976
2023-03-29 0:00,0.983526365,0.796829543
2023-03-29 1:00,1.467417419,1.637864769
2023-03-29 2:00,0.726583547,0.324966364
2023-03-29 3:00,1.387059847,1.484374527
2023-03-29 4:00,0.573343934,0.657346645
2023-03-29 5:00,1.048658175,1.391528029
2023-03-29 6:00,2.257966212,1.812447734
2023-03-29 7:00,1.85899075,1.48723242
2023-03-29 8:00,8.197511387,7.251244295
2023-03-29 9:00,24.56243112,19.90970307
2023-03-29 10:00,25.40077422,28.73291516
2023-03-29 11:00,11.50760943,6.166526504
2023-03-29 12:00,15.6091114,17.93272506
2023-03-29 13:00,21.44519925,17.14441136
2023-03-29 14:00,15.2950208,14.87649999
2023-03-29 15:00,24.24994591,24.35215011
2023-03-29 16:00,18.96344923,19.64969246
2023-03-29 17:00,26.56367951,21.84599695
2023-03-29 18:00,6.020207046,5.047599767
2023-03-29 19:00,0.50135974,0.912434839
2023-03-29 20:00,0.425324994,0.211799998
2023-03-29 21:00,0.065866667,0.326141669
2023-03-29 22:00,1.097235751,0.778573837
2023-03-29 23:00,0.260334846,0.777494439
2023-03-30 0:00,0.13937111,0.307601191
2023-03-30 1:00,0.123291667,0.306728082
2023-03-30 2:00,0.467501666,0.462333331
2023-03-30 3:00,0.08429091,0.274358334
2023-03-30 4:00,1.275567425,1.280899233
2023-03-30 5:00,0.965770571,0.289901919
2023-03-30 6:00,0,0
2023-03-30 7:00,0.679297294,0.633998879
2023-03-30 8:00,24.13565831,24.35050883
2023-03-30 9:00,24.60617803,24.62408334
2023-03-30 10:00,27.59051217,22.77971282
2023-03-30 11:00,31.20332166,32.40259099
2023-03-30 12:00,31.13260012,32.31822428
2023-03-30 13:00,27.3230644,21.94774551
2023-03-30 14:00,16.55981136,15.25491938
2023-03-30 15:00,19.28049246,20.24796703
2023-03-30 16:00,19.29325837,15.87041512
2023-03-30 17:00,19.54360298,15.86347504
2023-03-30 18:00,19.58186815,16.98644517
2023-03-30 19:00,0.383586738,0.2555375
2023-03-30 20:00,2.741161981,2.111002782
2023-03-30 21:00,1.747933623,2.55856407
2023-03-30 22:00,0.651221209,0.781354923
2023-03-30 23:00,1.378481045,3.263235873
2023-03-31 0:00,1.532125751,3.412415518
2023-03-31 1:00,1.51566855,3.688342109
2023-03-31 2:00,1.094292424,0.744273332
2023-03-31 3:00,1.915666664,1.860484079
2023-03-31 4:00,1.713916666,1.429028024
2023-03-31 5:00,0.492387117,0.270888888
2023-03-31 6:00,2.929586547,2.259038628
2023-03-31 7:00,0.859993421,0.862825003
2023-03-31 8:00,26.82854317,27.74352589
2023-03-31 9:00,14.8471113,18.49839246
2023-03-31 10:00,20.87021894,24.39573785
2023-03-31 11:00,21.17519316,25.08732804
2023-03-31 12:00,30.34222156,33.62901779
2023-03-31 13:00,26.16347269,30.61700826
2023-03-31 14:00,17.50870382,19.52610601
2023-03-31 15:00,28.36029928,26.98599658
2023-03-31 16:00,21.2735189,17.84090359
2023-03-31 17:00,32.20522988,36.13087978
2023-03-31 18:00,19.45614167,18.70787855
2023-03-31 19:00,0.646885715,0.327769088
2023-03-31 20:00,0.538094047,0.444861362
2023-03-31 21:00,0.821963635,0.669749998
2023-03-31 22:00,0.164933335,0.359558338
2023-03-31 23:00,0.334458334,0.316596063
